-- phpMyAdmin SQL Dump
-- version 5.2.1
-- https://www.phpmyadmin.net/
--
-- Generation Time: Nov 01, 2025 at 01:32 PM
-- Server version: 9.0.1
-- PHP Version: 8.2.16

SET SQL_MODE = "NO_AUTO_VALUE_ON_ZERO";
START TRANSACTION;
SET time_zone = "+00:00";


/*!40101 SET @OLD_CHARACTER_SET_CLIENT=@@CHARACTER_SET_CLIENT */;
/*!40101 SET @OLD_CHARACTER_SET_RESULTS=@@CHARACTER_SET_RESULTS */;
/*!40101 SET @OLD_COLLATION_CONNECTION=@@COLLATION_CONNECTION */;
/*!40101 SET NAMES utf8mb4 */;

--
-- Database: `didi-shop`
--

-- --------------------------------------------------------

--
-- Table structure for table `Addresses`
--

CREATE TABLE `Addresses` (
  `id` int UNSIGNED NOT NULL,
  `user_id` int UNSIGNED NOT NULL,
  `province` varchar(100) COLLATE utf8mb3_persian_ci NOT NULL,
  `address` varchar(255) COLLATE utf8mb3_persian_ci NOT NULL,
  `city` varchar(100) COLLATE utf8mb3_persian_ci DEFAULT NULL,
  `postal_code` bigint DEFAULT NULL,
  `address_type` enum('HOME','WORK','OTHER') COLLATE utf8mb3_persian_ci DEFAULT 'HOME',
  `created_at` timestamp NOT NULL DEFAULT CURRENT_TIMESTAMP
) ENGINE=InnoDB DEFAULT CHARSET=utf8mb3 COLLATE=utf8mb3_persian_ci;

--
-- Dumping data for table `Addresses`
--

INSERT INTO `Addresses` (`id`, `user_id`, `province`, `address`, `city`, `postal_code`, `address_type`, `created_at`) VALUES
(1, 1, 'تهران', 'تهران - خیابان ولیعصر - کوچه اول', 'تهران', 1234567890, 'HOME', '2025-09-25 12:03:01'),
(2, 1, 'تهران', 'تهران - خیابان انقلاب - کوچه دوم', 'تهران', 1234567891, 'WORK', '2025-09-25 12:03:01'),
(3, 2, 'آذربایجان شرقی', 'تبریز - خیابان آزادی - کوچه سوم', 'تبریز', 2345678901, 'HOME', '2025-09-25 12:03:01'),
(4, 2, 'آذربایجان شرقی', 'تبریز - خیابان ولیعصر - کوچه چهارم', 'تبریز', 2345678902, 'OTHER', '2025-09-25 12:03:01'),
(5, 3, 'فارس', 'شیراز - خیابان زند - کوچه پنجم', 'شیراز', 3456789012, 'HOME', '2025-09-25 12:03:01'),
(6, 4, 'اصفهان', 'اصفهان - خیابان نمونه - کوچه ششم', 'اصفهان', 4567890123, 'HOME', '2025-09-25 12:03:01'),
(7, 4, 'اصفهان', 'اصفهان - خیابان اصلی - کوچه هفتم', 'اصفهان', 4567890124, 'WORK', '2025-09-25 12:03:01'),
(8, 5, 'آذربایجان شرقی', 'تبریز - خیابان احمدآباد - کوچه هشتم', 'تبریز', 5678901234, 'HOME', '2025-09-25 12:03:01'),
(9, 6, 'البرز', 'کرج - خیابان آزادی - کوچه نهم', 'کرج', 6789012345, 'HOME', '2025-09-25 12:03:01'),
(10, 7, 'خوزستان', 'اهواز - خیابان کیانپارس - کوچه دهم', 'اهواز', 7890123456, 'HOME', '2025-09-25 12:03:01'),
(11, 7, 'خوزستان', 'اهواز - خیابان نادری - کوچه یازدهم', 'اهواز', 7890123457, 'OTHER', '2025-09-25 12:03:01'),
(12, 8, 'قم', 'قم - خیابان انقلاب - کوچه دوازدهم', 'قم', 8901234567, 'HOME', '2025-09-25 12:03:01'),
(13, 9, 'گیلان', 'رشت - خیابان گلسار - کوچه سیزدهم', 'رشت', 9012345678, 'HOME', '2025-09-25 12:03:01'),
(14, 10, 'یزد', 'یزد - خیابان کاشانی - کوچه چهاردهم', 'یزد', 123456789, 'HOME', '2025-09-25 12:03:01'),
(39, 15, 'تهران', 'تهران - تهران - تهران خیبان  حکیمی کوچه 25', 'تهران', 2354567888, 'HOME', '2025-09-28 16:01:48'),
(40, 15, 'اصفهان', 'اصفهان - کاشان - تهران پارس', 'کاشان', 3454357888, 'WORK', '2025-09-28 16:02:03'),
(42, 16, 'تهران', 'تهران - ری - احمدی', 'ری', 1232577657, 'HOME', '2025-10-05 17:12:25'),
(43, 16, 'اصفهان', 'اصفهان - کاشان - احمدی نو', 'کاشان', 2347654783, 'HOME', '2025-10-15 11:32:20'),
(44, 16, 'خوزستان', 'خوزستان - دزفول - روشنی دل کوچه 4', 'دزفول', 6457657890, 'WORK', '2025-10-15 16:34:01'),
(45, 16, 'گیلان', 'گیلان - رودسر - رودسران 2', 'رودسر', 5357656789, 'OTHER', '2025-10-15 17:27:05');

-- --------------------------------------------------------

--
-- Table structure for table `Admins`
--

CREATE TABLE `Admins` (
  `id` int UNSIGNED NOT NULL,
  `firstname` varchar(50) COLLATE utf8mb4_persian_ci NOT NULL,
  `lastname` varchar(50) COLLATE utf8mb4_persian_ci NOT NULL,
  `username` varchar(50) COLLATE utf8mb4_persian_ci NOT NULL,
  `password` varchar(255) COLLATE utf8mb4_persian_ci NOT NULL,
  `task` varchar(100) COLLATE utf8mb4_persian_ci NOT NULL,
  `img` varchar(255) COLLATE utf8mb4_persian_ci NOT NULL,
  `token` varchar(255) COLLATE utf8mb4_persian_ci NOT NULL
) ENGINE=InnoDB DEFAULT CHARSET=utf8mb4 COLLATE=utf8mb4_persian_ci;

--
-- Dumping data for table `Admins`
--

INSERT INTO `Admins` (`id`, `firstname`, `lastname`, `username`, `password`, `task`, `img`, `token`) VALUES
(1, 'علی', 'محمدی', 'ali_admin', 'admin123', 'مدیریت محصولات', 'ali.jpg', 'eyJhbGciOiJIUzI1NiIsInR5cCI6IkpXVCJ9.eyJ1c2VyX2lkIjoxLCJ1c2VybmFtZSI6ImFsaV9hZG1pbiIsImV4cCI6MTc0Nzg5Nzg3OX0.dummy_signature_ali'),
(2, 'زهرا', 'احمدی', 'zahra_admin', 'zahra2025', 'مدیریت کاربران', 'zahra.jpg', 'eyJhbGciOiJIUzI1NiIsInR5cCI6IkpXVCJ9.eyJ1c2VyX2lkIjozLCJ1c2VybmFtZSI6InphaHJhX2FkbWluIiwiZXhwIjoxNzQ3ODk3ODc5fQ.dummy_signature_zahra'),
(3, 'محمد', 'رضایی', 'mohammad_admin', 'mohammad789', 'مدیریت سفارشات', 'mohammad.jpg', 'eyJhbGciOiJIUzI1NiIsInR5cCI6IkpXVCJ9.eyJ1c2VyX2lkIjozLCJ1c2VybmFtZSI6Im1vaGFtbWFkX2FkbWluIiwiZXhwIjoxNzQ3ODk3ODc5fQ.dummy_signature_mohammad'),
(4, 'فاطمه', 'کریمی', 'fateme_admin', 'fateme456', 'پشتیبانی مشتریان', 'fateme.jpg', 'eyJhbGciOiJIUzI1NiIsInR5cCI6IkpXVCJ9.eyJ1c2VyX2lkIjo0LCJ1c2VybmFtZSI6ImZhdGVtZV9hZG1pbiIsImV4cCI6MTc0Nzg5Nzg3OX0.dummy_signature_fateme'),
(5, 'حسین', 'نعمتی', 'hossein_admin', 'hossein101', 'مدیریت محتوا', 'hossein.jpg', 'eyJhbGciOiJIUzI1NiIsInR5cCI6IkpXVCJ9.eyJ1c2VyX2lkIjo1LCJ1c2VybmFtZSI6Imhvc3NlaW5fYWRtaW4iLCJleHAiOjE3NDc4OTc4Nzl9.dummy_signature_hossein');

-- --------------------------------------------------------

--
-- Table structure for table `Bank_cards`
--

CREATE TABLE `Bank_cards` (
  `id` int UNSIGNED NOT NULL,
  `user_id` int UNSIGNED NOT NULL,
  `card_number` char(16) COLLATE utf8mb4_persian_ci NOT NULL,
  `bank_name` varchar(50) COLLATE utf8mb4_persian_ci NOT NULL,
  `iban` char(26) COLLATE utf8mb4_persian_ci NOT NULL,
  `cardholder_name` varchar(100) COLLATE utf8mb4_persian_ci NOT NULL,
  `expire_date` char(5) COLLATE utf8mb4_persian_ci NOT NULL,
  `cvv2` char(4) COLLATE utf8mb4_persian_ci NOT NULL,
  `status` enum('active','inactive') COLLATE utf8mb4_persian_ci DEFAULT 'active',
  `created_at` timestamp NOT NULL DEFAULT CURRENT_TIMESTAMP
) ENGINE=InnoDB DEFAULT CHARSET=utf8mb4 COLLATE=utf8mb4_persian_ci;

-- --------------------------------------------------------

--
-- Table structure for table `Blogs`
--

CREATE TABLE `Blogs` (
  `id` int UNSIGNED NOT NULL,
  `title` varchar(255) COLLATE utf8mb4_persian_ci NOT NULL,
  `slug` varchar(255) COLLATE utf8mb4_persian_ci NOT NULL,
  `category` varchar(120) COLLATE utf8mb4_persian_ci DEFAULT NULL,
  `excerpt` text COLLATE utf8mb4_persian_ci,
  `content` longtext COLLATE utf8mb4_persian_ci NOT NULL,
  `cover_image` varchar(500) COLLATE utf8mb4_persian_ci DEFAULT NULL,
  `authorID` int UNSIGNED NOT NULL,
  `related_productID` int UNSIGNED DEFAULT NULL,
  `status` enum('draft','published','archived') COLLATE utf8mb4_persian_ci NOT NULL DEFAULT 'draft',
  `views_count` int UNSIGNED NOT NULL DEFAULT '0',
  `likes_count` int UNSIGNED NOT NULL DEFAULT '0',
  `seo_title` varchar(255) COLLATE utf8mb4_persian_ci DEFAULT NULL,
  `seo_description` varchar(500) COLLATE utf8mb4_persian_ci DEFAULT NULL,
  `created_at` datetime NOT NULL DEFAULT CURRENT_TIMESTAMP,
  `published_at` datetime DEFAULT NULL
) ENGINE=InnoDB DEFAULT CHARSET=utf8mb4 COLLATE=utf8mb4_persian_ci;

--
-- Dumping data for table `Blogs`
--

INSERT INTO `Blogs` (`id`, `title`, `slug`, `category`, `excerpt`, `content`, `cover_image`, `authorID`, `related_productID`, `status`, `views_count`, `likes_count`, `seo_title`, `seo_description`, `created_at`, `published_at`) VALUES
(1, 'بررسی تخصصی گوشی آیفون 15', 'iphone-15-review', '{\"key\":\"review\",\"label\":\"بررسی\"}', 'نگاهی کامل به طراحی، سخت‌افزار و عملکرد آیفون 15.', 'آیفون 15 یکی از مهم‌ترین پرچمداران سال 2025 است که اپل با تغییرات قابل توجهی آن را روانه بازار کرده است.\r\nدر بخش طراحی، اپل بار دیگر از ترکیب آلومینیوم و شیشه استفاده کرده اما وزن دستگاه سبک‌تر شده است.\r\nصفحه نمایش سوپر رتینا XDR با نرخ نوسازی 120 هرتز تجربه روانی در اسکرول و بازی‌ها ارائه می‌دهد.\r\nاز نظر پردازنده، تراشه A17 Bionic عملکردی بی‌نظیر دارد و اجرای سنگین‌ترین بازی‌ها و اپلیکیشن‌ها را ممکن کرده است.\r\nدر بخش دوربین، لنز اصلی 48 مگاپیکسلی بهبود زیادی در عکاسی در نور کم نشان می‌دهد.\r\nباتری آیفون 15 نسبت به نسل قبل بزرگ‌تر شده و در تست‌های ما بیش از یک روز کامل دوام آورد.\r\nاپل همچنان به استفاده از iOS با امکانات نرم‌افزاری ویژه ادامه داده و قابلیت‌های جدیدی مثل Live Voicemail اضافه کرده است.\r\nدر بخش امنیت، فیس آی‌دی سریع‌تر شده و پشتیبانی از حسگر زیر نمایشگر هنوز اضافه نشده است.\r\nاز نظر صدا، اسپیکرهای استریو قدرت و وضوح بسیار خوبی دارند و برای تماشای فیلم عالی هستند.\r\nدر مجموع، آیفون 15 یک دستگاه کامل است که هم برای کاربران حرفه‌ای و هم کاربران عادی ارزش خرید بالایی دارد.', 'iphone-15.jpg', 1, 101, 'published', 1200, 150, 'بررسی آیفون 15', 'مقاله بررسی تخصصی آیفون 15 اپل با جزئیات کامل.', '2025-06-01 10:00:00', '2025-06-01 10:00:00'),
(2, 'راهنمای خرید لپ‌تاپ دانشجویی', 'student-laptop-guide', '{ \"key\": \"guide\", \"label\": \"راهنما\" }', 'بهترین لپ‌تاپ‌های اقتصادی برای دانشجویان.', 'انتخاب یک لپ‌تاپ مناسب برای دانشجویان نیازمند توجه به چند نکته کلیدی است.\r\nاولین مورد پردازنده است؛ بهتر است لپ‌تاپی با حداقل Intel i5 یا AMD Ryzen 5 انتخاب شود.\r\nحافظه رم حداقل 8 گیگابایت و فضای ذخیره‌سازی SSD برای سرعت مناسب ضروری است.\r\nصفحه نمایش 13 تا 15 اینچ با رزولوشن Full HD تجربه بهتری در مطالعه و کار با نرم‌افزارها ارائه می‌دهد.\r\nوزن لپ‌تاپ برای حمل و نقل روزانه بسیار اهمیت دارد، وزن کمتر از 1.8 کیلوگرم توصیه می‌شود.\r\nباتری با دوام حداقل 6 ساعت کار واقعی می‌تواند طول روز دانشجو را پوشش دهد.\r\nکیبورد با نور پس‌زمینه و تاچ‌پد دقیق، تجربه کاربری بهتری ایجاد می‌کند.\r\nپورت‌های متنوع از جمله USB-C و HDMI برای اتصال به دستگاه‌های جانبی اهمیت دارند.\r\nسیستم عامل می‌تواند Windows 11 یا Linux باشد و بسته به نیاز کاربر انتخاب شود.\r\nدر نهایت، قیمت باید متناسب با بودجه دانشجو و کیفیت لپ‌تاپ انتخاب شود.', 'studentlaptop.jpg', 2, NULL, 'published', 800, 90, 'راهنمای خرید لپ‌تاپ', 'برترین لپ‌تاپ‌های اقتصادی برای دانشجویان 2025.', '2025-06-02 09:15:00', '2025-06-02 09:15:00'),
(3, 'مقایسه تلویزیون‌های OLED و QLED', 'oled-vs-qled', '{ \"key\": \"compare\", \"label\": \"مقایسه\" }', 'بررسی تفاوت‌ها و مزایای دو فناوری تلویزیون.', 'تلویزیون‌های OLED و QLED هر دو کیفیت تصویر بالایی ارائه می‌دهند، اما تفاوت‌هایی در عملکرد دارند.\r\nOLED دارای پنل‌های ارگانیک است و می‌تواند رنگ سیاه واقعی را نمایش دهد.\r\nQLED از نور پس‌زمینه LED استفاده می‌کند و روشنایی بالاتری ارائه می‌دهد.\r\nزاویه دید OLED گسترده‌تر است و در محیط‌های تاریک عملکرد بهتری دارد.\r\nQLED برای محیط‌های روشن مناسب‌تر است و رنگ‌ها در نور زیاد بهتر حفظ می‌شوند.\r\nمصرف انرژی OLED کمتر از QLED است و باعث کاهش هزینه برق می‌شود.\r\nدوام طولانی مدت QLED معمولاً بالاتر است و برای استفاده طولانی مناسب‌تر است.\r\nقابلیت‌های هوشمند در هر دو مدل تقریبا مشابه هستند و اپلیکیشن‌های استریم را پشتیبانی می‌کنند.\r\nقیمت OLED معمولا بالاتر است و گزینه‌های اقتصادی محدودتری دارد.\r\nانتخاب بین OLED و QLED بستگی به نیاز کاربر، محیط استفاده و بودجه دارد.', 'Qled.png', 3, 220, 'published', 950, 110, 'مقایسه OLED و QLED', 'OLED یا QLED؟ بررسی کامل برای خرید.', '2025-06-03 14:20:00', '2025-06-03 14:20:00'),
(4, 'بررسی جاروبرقی رباتیک شیائومی', 'xiaomi-robot-vacuum-review', '{\"key\":\"review\",\"label\":\"بررسی\"}', 'تجربه کار با جاروبرقی هوشمند.', 'جاروبرقی‌های رباتیک شیائومی در سال‌های اخیر محبوبیت زیادی پیدا کرده‌اند.\r\nاین مدل دارای سنسورهای هوشمند است که موانع را تشخیص داده و مسیر خود را بهینه می‌کند.\r\nقدرت مکش مناسب باعث جمع‌آوری گرد و خاک و موهای حیوانات خانگی می‌شود.\r\nباتری دستگاه تا 120 دقیقه کار مداوم دوام دارد و پس از اتمام شارژ به داک بازمی‌گردد.\r\nفیلتر HEPA آن باعث جذب ذرات ریز و کاهش آلرژی می‌شود.\r\nکنترل از طریق اپلیکیشن موبایل امکان برنامه‌ریزی و زمان‌بندی روزانه را فراهم می‌کند.\r\nطراحی کم‌صدا، تجربه آرام‌تری در هنگام کار ایجاد می‌کند.\r\nاین دستگاه قابلیت پشتیبانی از دستیار صوتی دارد و می‌توان آن را با Alexa یا Google Assistant کنترل کرد.\r\nنگهداری و تمیز کردن مخزن آب و گرد و خاک ساده است و کاربر به راحتی می‌تواند آن را خالی کند.\r\nدر کل، جاروبرقی رباتیک شیائومی ترکیبی از کیفیت، قیمت مناسب و امکانات هوشمند را ارائه می‌دهد.', 'robatic-vacume.jpg', 1, 820, 'published', 210, 25, 'بررسی جاروبرقی شیائومی', 'آیا ارزش خرید دارد؟', '2025-06-14 16:30:00', '2025-06-14 16:30:00'),
(5, 'راهنمای خرید پاوربانک', 'powerbank-guide', '{ \"key\": \"guide\", \"label\": \"راهنما\" }', 'کدام پاوربانک مناسب شماست؟', 'انتخاب یک پاوربانک مناسب نیازمند توجه به ظرفیت، سرعت شارژ و قابلیت حمل است.\r\nظرفیت معمولاً بر حسب میلی‌آمپر ساعت (mAh) اندازه‌گیری می‌شود و برای گوشی‌های امروزی حداقل 10000 mAh توصیه می‌شود.\r\nپشتیبانی از شارژ سریع باعث کاهش زمان شارژ دستگاه می‌شود.\r\nوزن و ابعاد پاوربانک اهمیت زیادی دارد، خصوصاً برای حمل روزانه.\r\nتعداد خروجی‌ها و پورت‌های USB-C یا USB-A می‌تواند استفاده همزمان از چند دستگاه را ممکن کند.\r\nایمنی و حفاظت در برابر اتصال کوتاه و افزایش ولتاژ بسیار مهم است.\r\nبرندهای معتبر معمولا کیفیت ساخت بالاتری دارند و طول عمر باتری طولانی‌تری ارائه می‌دهند.\r\nبرخی پاوربانک‌ها دارای نمایشگر LED برای نمایش میزان شارژ هستند.\r\nبرخی مدل‌ها قابلیت شارژ وایرلس دارند و برای گوشی‌های سازگار مناسب است.\r\nدر نهایت، قیمت باید با کیفیت و ظرفیت پاوربانک تناسب داشته باشد.', 'powerbank.jpg', 1, NULL, 'published', 300, 42, 'راهنمای خرید پاوربانک', 'انتخاب بهترین پاوربانک بازار.', '2025-06-17 10:10:00', '2025-06-17 10:10:00'),
(6, 'معرفی بهترین اسپیکرهای بلوتوثی', 'best-bluetooth-speakers', '{ \"key\": \"intro\", \"label\": \"معرفی\" }', 'لیست اسپیکرهای برتر 2025.', 'اسپیکرهای بلوتوثی در سال 2025 به شدت پیشرفت کرده‌اند و کیفیت صدا و امکانات بیشتری ارائه می‌دهند.\r\nبرخی مدل‌ها دارای مقاومت در برابر آب و گرد و خاک هستند و مناسب فضای باز می‌باشند.\r\nباتری طولانی مدت بیش از 10 ساعت تجربه گوش دادن بدون وقفه را ممکن می‌کند.\r\nاتصال سریع با بلوتوث 5.0 یا بالاتر باعث پایداری ارتباط و کاهش لگ می‌شود.\r\nبرخی اسپیکرها دارای قابلیت اتصال چند دستگاه و پخش همزمان صدا هستند.\r\nکیفیت باس و وضوح صدا در مدل‌های بالارده بسیار مطلوب است.\r\nبرخی اسپیکرها دارای میکروفون داخلی برای مکالمه و تماس تلفنی هستند.\r\nامکاناتی مانند اکولایزر داخلی و اپلیکیشن مدیریت صدا تجربه کاربری را بهبود می‌دهد.\r\nطراحی قابل حمل و سبک باعث استفاده راحت در سفر و ورزش می‌شود.\r\nدر نهایت، این اسپیکرها ترکیبی از کیفیت، امکانات و قیمت مناسب برای کاربران ارائه می‌دهند.', 'bestspeakers.jpeg', 1, NULL, 'published', 350, 50, 'بهترین اسپیکر بلوتوثی', 'اسپیکرهای پیشنهادی برای خرید.', '2025-06-23 09:45:00', '2025-06-23 09:45:00'),
(7, 'بررسی ساعت هوشمند هواوی Watch X', 'huawei-watch-x-review', '{\"key\":\"review\",\"label\":\"بررسی\"}', 'نقد ساعت جدید هواوی Watch X.', 'هواوی Watch X یکی از جدیدترین ساعت‌های هوشمند بازار است که با امکانات متنوع عرضه شده است.\r\nطراحی مدرن و سبک باعث راحتی استفاده در طول روز می‌شود.\r\nصفحه نمایش AMOLED وضوح بالا و رنگ‌های زنده ارائه می‌دهد.\r\nباتری دستگاه حدود 7 روز دوام می‌آورد و پشتیبانی از شارژ سریع دارد.\r\nامکانات ورزشی شامل قدم‌شمار، سنجش ضربان قلب و ردیابی خواب است.\r\nقابلیت اتصال به گوشی از طریق بلوتوث باعث دریافت اعلان‌ها و تماس‌ها می‌شود.\r\nواچ فیس‌های متنوع و قابل تغییر تجربه شخصی‌سازی را فراهم می‌کنند.\r\nاپلیکیشن مخصوص هواوی امکان بررسی آمار روزانه و هفته‌ای را می‌دهد.\r\nمقاومت در برابر آب تا 50 متر، استفاده در شنا و دوش را ممکن می‌کند.\r\nدر کل، Watch X گزینه‌ای مناسب برای علاقه‌مندان به ساعت‌های هوشمند با امکانات کامل است.', 'watchx.jpg', 2, 910, 'published', 310, 48, 'بررسی هواوی Watch X', 'مزایا و معایب ساعت هوشمند جدید.', '2025-06-15 11:20:00', '2025-06-15 11:20:00'),
(8, 'راهنمای خرید دوربین برای مبتدی‌ها', 'beginner-camera-guide', '{ \"key\": \"guide\", \"label\": \"راهنما\" }', 'دوربین مناسب افراد تازه‌کار.', 'انتخاب دوربین برای مبتدی‌ها نیازمند توجه به چند فاکتور اصلی است.\r\nاولین فاکتور نوع دوربین است؛ DSLR یا Mirrorless.\r\nرزولوشن سنسور و کیفیت لنز تاثیر زیادی روی عکس‌های نهایی دارد.\r\nوزن و ابعاد دوربین برای حمل آسان اهمیت دارد.\r\nباتری با دوام و امکان شارژ آسان مزیت بزرگی محسوب می‌شود.\r\nبرخی دوربین‌ها دارای حالت خودکار پیشرفته برای تازه‌کاران هستند.\r\nقابلیت فیلم‌برداری Full HD یا 4K برای علاقه‌مندان به ویدیو ضروری است.\r\nپورت‌ها و اتصال به کامپیوتر یا گوشی باید ساده باشد.\r\nقیمت باید با بودجه مبتدیان متناسب باشد و گزینه‌های اقتصادی وجود داشته باشد.\r\nدر نهایت، انتخاب دوربین مناسب تجربه یادگیری و عکاسی را لذت‌بخش می‌کند.', 'camerabuyingguide.jpeg', 2, NULL, 'published', 200, 28, 'راهنمای دوربین مبتدی', 'چه دوربینی برای شروع عکاسی مناسب است؟', '2025-06-18 13:15:00', '2025-06-18 13:15:00'),
(9, 'مقایسه لپ‌تاپ‌های گیمینگ ایسوس و MSI', 'asus-vs-msi-gaming', '{ \"key\": \"compare\", \"label\": \"مقایسه\" }', 'کدام برند برای گیمرها بهتر است؟', 'لپ‌تاپ‌های گیمینگ ایسوس و MSI هر دو از پردازنده‌های قدرتمند و کارت گرافیک‌های پیشرفته استفاده می‌کنند.\r\nدر عملکرد بازی‌های سنگین تفاوت جزئی در نرخ فریم مشاهده می‌شود.\r\nکیفیت ساخت MSI کمی محکم‌تر است اما وزن بیشتری دارد.\r\nصفحه نمایش ایسوس با نرخ نوسازی 144 هرتز تجربه روان‌تری ارائه می‌دهد.\r\nسیستم خنک‌کننده MSI برای استفاده طولانی مناسب‌تر است.\r\nعمر باتری در هر دو مدل محدود است و باید به شارژر دسترسی داشت.\r\nکیبورد RGB ایسوس قابل شخصی‌سازی است و تجربه کاربری بهتری دارد.\r\nقیمت هر دو برند مشابه است اما مدل‌های اقتصادی ایسوس بیشتر است.\r\nپشتیبانی و گارانتی MSI در برخی کشورها بهتر عمل می‌کند.\r\nانتخاب بین ایسوس و MSI بستگی به نیاز گیمر و ترجیح شخصی دارد.', 'reviewgaminglaptops.jpeg', 2, 330, 'published', 320, 44, 'ایسوس یا MSI؟', 'بررسی کامل لپ‌تاپ‌های گیمینگ.', '2025-06-21 14:30:00', '2025-06-21 14:30:00'),
(10, 'معرفی بهترین پرینترهای خانگی', 'best-home-printers', '{ \"key\": \"intro\", \"label\": \"معرفی\" }', 'پرینترهای مناسب خانه و دفتر.', 'پرینترهای خانگی برای مصارف روزانه و دفترچه‌های کوچک بسیار کاربردی هستند.\r\nبرخی مدل‌ها چاپ سیاه و سفید سریع و اقتصادی دارند.\r\nپرینترهای رنگی برای چاپ عکس و اسناد گرافیکی مناسب هستند.\r\nقابلیت اتصال وای‌فای و شبکه باعث سهولت در استفاده گروهی می‌شود.\r\nهزینه کارتریج و تونر باید قبل از خرید بررسی شود.\r\nبرخی پرینترها دارای قابلیت چاپ دو رو و اسکنر داخلی هستند.\r\nاندازه و وزن پرینتر برای قرارگیری در فضای خانه اهمیت دارد.\r\nسرعت چاپ بسته به مدل متفاوت است و برای اسناد حجیم اهمیت دارد.\r\nبرندهای معتبر معمولاً دوام و کیفیت ساخت بالاتری ارائه می‌دهند.\r\nدر نهایت، انتخاب پرینتر مناسب ترکیبی از کیفیت، امکانات و قیمت مناسب است.', 'bestprintershome.jpeg', 2, NULL, 'published', 310, 41, 'پرینترهای خانگی 2025', 'پرینترهای کاربردی و خوش‌قیمت.', '2025-06-27 10:10:00', '2025-06-27 10:10:00'),
(11, 'بررسی هدفون بی‌سیم سونی WH-1000XM5', 'sony-wh-1000xm5-review', '{\"key\":\"review\",\"label\":\"بررسی\"}', 'هدفون بی‌سیم سونی WH-1000XM5 و قابلیت‌های آن.', 'هدفون بی‌سیم سونی WH-1000XM5 یکی از پیشرفته‌ترین مدل‌های بازار است.\r\nکیفیت صدای بسیار بالا و بیس عمیق تجربه موسیقی را بهبود می‌بخشد.\r\nحذف نویز فعال (ANC) در محیط‌های شلوغ بسیار موثر عمل می‌کند.\r\nباتری دستگاه حدود 30 ساعت کار مداوم ارائه می‌دهد.\r\nامکان شارژ سریع باعث استفاده سریع پس از اتمام باتری می‌شود.\r\nاتصال بلوتوث پایدار و پشتیبانی از کدک‌های LDAC و AAC کیفیت صدا را حفظ می‌کند.\r\nطراحی راحت و سبک باعث استفاده طولانی بدون خستگی می‌شود.\r\nدکمه‌ها و کنترل لمسی امکان مدیریت موسیقی و تماس را ساده می‌کند.\r\nاپلیکیشن سونی برای تنظیمات صدا و ANC بسیار مفید است.\r\nدر مجموع، WH-1000XM5 گزینه‌ای ایده‌آل برای علاقه‌مندان به موسیقی و سفر است.', 'sonywirelessheadphone.jpeg', 1, 101, 'published', 420, 65, 'بررسی هدفون سونی WH-1000XM5', 'هدفون بی‌سیم با ANC و کیفیت عالی.', '2025-06-30 10:00:00', '2025-06-30 10:00:00'),
(12, 'راهنمای خرید گوشی اقتصادی 2025', 'budget-smartphone-guide', '{ \"key\": \"guide\", \"label\": \"راهنما\" }', 'چگونه بهترین گوشی اقتصادی را انتخاب کنیم.', 'انتخاب گوشی اقتصادی نیازمند توجه به بودجه و نیازهای روزمره است.\r\nپردازنده مناسب، رم کافی و حافظه داخلی از نکات کلیدی هستند.\r\nصفحه نمایش با رزولوشن مناسب و اندازه بین 6 تا 6.5 اینچ تجربه خوبی ارائه می‌دهد.\r\nباتری با ظرفیت حداقل 4000 میلی‌آمپر ساعت برای یک روز کامل مناسب است.\r\nدوربین اصلی و سلفی با کیفیت مناسب برای عکس‌های روزمره کافی است.\r\nسیستم عامل و بروزرسانی‌های امنیتی اهمیت زیادی دارند.\r\nامکان اتصال به شبکه‌های 4G و 5G بسته به منطقه اهمیت دارد.\r\nطراحی مقاوم و ضدخش گزینه بهتری برای استفاده روزمره است.\r\nقیمت با کیفیت و برند گوشی باید متناسب باشد.\r\nدر نهایت، انتخاب گوشی اقتصادی باید ترکیبی از کیفیت، امکانات و قیمت مناسب باشد.', '2025bestphones.jpeg', 2, NULL, 'published', 350, 48, 'راهنمای خرید گوشی اقتصادی', 'بهترین گوشی‌ها با قیمت مناسب.', '2025-07-01 09:30:00', '2025-07-01 09:30:00'),
(13, 'مقایسه تبلت‌های اپل و سامسونگ', 'ipad-vs-samsung-tablet', '{ \"key\": \"compare\", \"label\": \"مقایسه\" }', 'تفاوت‌ها و مزایای آیپد و تبلت‌های سامسونگ.', 'تبلت‌های اپل و سامسونگ هر دو تجربه کاربری بالایی ارائه می‌دهند.\r\nآیپد دارای iPadOS با اپلیکیشن‌های اختصاصی و بهینه است.\r\nسامسونگ از اندروید و قابلیت‌های چندوظیفگی استفاده می‌کند.\r\nصفحه نمایش آیپد روشنایی و وضوح بیشتری دارد.\r\nسامسونگ قابلیت اتصال به صفحه کلید و قلم S-Pen را دارد.\r\nباتری هر دو مدل برای یک روز کاری کافی است.\r\nوزن و طراحی هر دو مدل برای حمل آسان مناسب هستند.\r\nقابلیت‌های نرم‌افزاری اپل بیشتر برای طراحی و نقاشی مناسب است.\r\nقابلیت‌های سامسونگ برای کار با فایل‌ها و مالتی‌تسکینگ قوی‌تر است.\r\nانتخاب بین آیپد و سامسونگ به نیازهای کاربر و بودجه او بستگی دارد.', 'appleXsumsung.jpeg', 1, 120, 'published', 400, 55, 'آیپد یا سامسونگ؟', 'مقایسه کامل تبلت‌های اپل و سامسونگ.', '2025-07-02 11:15:00', '2025-07-02 11:15:00'),
(14, 'معرفی بهترین لپ‌تاپ‌های سبک 2025', 'best-lightweight-laptops', '{ \"key\": \"intro\", \"label\": \"معرفی\" }', 'لیست بهترین لپ‌تاپ‌های سبک و قابل حمل 2025.', 'لپ‌تاپ‌های سبک برای کاربرانی که دائم در حال حرکت هستند مناسب‌اند.\r\nوزن کمتر از 1.5 کیلوگرم تجربه حمل راحت را فراهم می‌کند.\r\nباتری با دوام بالا برای استفاده روزانه ضروری است.\r\nپردازنده‌های جدید انرژی کم و عملکرد بالا ارائه می‌دهند.\r\nحافظه SSD باعث سرعت بالا در بوت و اجرای برنامه‌ها می‌شود.\r\nصفحه نمایش Full HD یا بالاتر برای مشاهده محتوا با کیفیت لازم است.\r\nکیبورد و تاچ‌پد راحت برای تایپ طولانی بسیار مهم هستند.\r\nطراحی مقاوم و بدنه فلزی حس کیفیت و دوام را منتقل می‌کند.\r\nبرندهای معتبر لپ‌تاپ‌های سبک با امکانات کامل ارائه می‌دهند.\r\nدر نهایت، این لپ‌تاپ‌ها ترکیبی از سبکی، کیفیت و کارایی هستند.', '2025-best-laptops.jpeg', 2, NULL, 'published', 380, 50, 'بهترین لپ‌تاپ‌های سبک 2025', 'لپ‌تاپ‌های سبک و با کیفیت بازار.', '2025-07-03 13:40:00', '2025-07-03 13:40:00'),
(15, 'بررسی لپ‌تاپ مک‌بوک پرو 2025', 'macbook-pro-2025-review', '{\"key\":\"review\",\"label\":\"بررسی\"}', 'نگاهی به مک‌بوک پرو جدید اپل.', 'مک‌بوک پرو 2025 با طراحی جدید و سخت‌افزار قوی وارد بازار شده است.\r\nپردازنده M2 Pro قدرت اجرای تمامی برنامه‌های سنگین را دارد.\r\nصفحه نمایش Retina با رنگ‌های واقعی و روشنایی بالا تجربه بصری فوق‌العاده‌ای ارائه می‌دهد.\r\nباتری با دوام بیش از 10 ساعت کار مداوم را تضمین می‌کند.\r\nکیبورد بهبود یافته و تاچ‌بار تجربه تایپ و کاربری راحتی ایجاد می‌کند.\r\nسیستم عامل macOS جدید امکانات حرفه‌ای برای طراحان و برنامه‌نویسان ارائه می‌دهد.\r\nپورت‌های Thunderbolt و HDMI برای اتصال به دستگاه‌های جانبی کافی هستند.\r\nصدای اسپیکرها واضح و با باس مناسب برای فیلم و موسیقی عالی است.\r\nگرمایش دستگاه در استفاده طولانی به خوبی کنترل می‌شود.\r\nدر نهایت، مک‌بوک پرو 2025 انتخابی مناسب برای حرفه‌ای‌ها و کاربران پیشرفته است.', 'macbookpro2025.jpg', 2, 112, 'published', 380, 55, 'بررسی مک‌بوک پرو 2025', 'بررسی مک‌بوک پرو اپل مدل 2025.', '2025-06-12 10:00:00', '2025-06-12 10:00:00'),
(16, 'راهنمای خرید کولرگازی', 'ac-buying-guide', '{ \"key\": \"guide\", \"label\": \"راهنما\" }', 'چه کولری بخریم؟', 'انتخاب کولرگازی مناسب نیازمند بررسی چند عامل کلیدی است.\r\nظرفیت کولر باید متناسب با متراژ فضای مورد استفاده باشد.\r\nنوع کمپرسور و کارایی انرژی مصرفی برای کاهش هزینه‌ها اهمیت دارد.\r\nکولرهای اسپلیت و ایستاده هر کدام مزایا و معایب خود را دارند.\r\nبرندهای معتبر معمولا خدمات پس از فروش و دوام بالاتری دارند.\r\nصدای کولر در هنگام کار باید کم باشد تا آرامش محیط حفظ شود.\r\nامکاناتی مانند تایمر، کنترل از راه دور و حالت اقتصادی تجربه بهتری ارائه می‌دهند.\r\nنگهداری و تمیز کردن فیلترها باید آسان باشد.\r\nبرخی کولرها دارای قابلیت تنظیم خودکار دما هستند.\r\nدر نهایت، انتخاب کولرگازی مناسب ترکیبی از کیفیت، امکانات و قیمت مناسب است.', 'airconditionerbuyingguide.jpeg', 3, 333, 'published', 410, 52, 'راهنمای خرید کولر گازی', 'انتخاب بهترین کولر مناسب خانه.', '2025-06-19 15:00:00', '2025-06-19 15:00:00'),
(17, 'مقایسه یخچال ساید بای ساید ال‌جی و سامسونگ', 'lg-vs-samsung-fridge', '{ \"key\": \"compare\", \"label\": \"مقایسه\" }', 'کدام یخچال ارزش خرید بیشتری دارد؟', 'یخچال‌های ساید بای ساید ال‌جی و سامسونگ هر دو امکانات پیشرفته‌ای ارائه می‌دهند.\r\nظرفیت داخلی برای خانواده‌های متوسط تا بزرگ کافی است.\r\nسیستم سرمایش و کنترل دما در هر دو برند قابل قبول است.\r\nقابلیت اتصال به آبسردکن و یخساز خودکار در هر دو مدل موجود است.\r\nمصرف انرژی هر دو مدل نسبت به ظرفیت مناسب و اقتصادی است.\r\nفضای داخلی و قفسه‌ها قابل تنظیم هستند تا وسایل مختلف جای بگیرند.\r\nکیفیت ساخت و دوام ال‌جی کمی بهتر ارزیابی شده است.\r\nسامسونگ امکانات هوشمند بیشتری دارد و قابلیت اتصال به گوشی ارائه می‌دهد.\r\nصدای کارکرد دستگاه در هر دو مدل کم و مناسب محیط خانگی است.\r\nدر نهایت، انتخاب بین ال‌جی و سامسونگ بسته به ترجیح کاربر و امکانات مورد نیاز است.', 'lgsamsungref.jpeg', 3, 440, 'published', 270, 39, 'مقایسه یخچال سامسونگ و ال‌جی', 'بررسی دو برند محبوب لوازم خانگی.', '2025-06-22 12:00:00', '2025-06-22 12:00:00'),
(18, 'معرفی دوربین‌های ورزشی ضد آب', 'action-cameras-2025', '{ \"key\": \"intro\", \"label\": \"معرفی\" }', 'دوربین‌های مناسب ماجراجویی.', 'دوربین‌های ورزشی ضد آب برای فعالیت‌های خارج از منزل و ورزش‌های آبی بسیار کاربردی هستند.\r\nکیفیت تصویر 4K و تصاویر آهسته امکان ثبت صحنه‌های حرفه‌ای را فراهم می‌کند.\r\nباتری با دوام مناسب برای سفرهای طولانی است.\r\nسایز کوچک و سبک باعث حمل آسان می‌شود.\r\nمیکروفون داخلی و اتصال به موبایل برای اشتراک‌گذاری فوری عکس و ویدئو مناسب است.\r\nقابلیت تثبیت تصویر (Stabilization) تصاویر صاف و بدون لرزش ارائه می‌دهد.\r\nمقاومت در برابر ضربه و آب ویژگی مهم برای استفاده در محیط‌های سخت است.\r\nلوازم جانبی مانند گیره‌ها و پایه‌ها تجربه استفاده را راحت‌تر می‌کند.\r\nاپلیکیشن مخصوص امکان تنظیمات و ویرایش تصاویر را فراهم می‌کند.\r\nدر مجموع، دوربین‌های ورزشی ضد آب ترکیبی از کیفیت، مقاومت و قابلیت حمل ارائه می‌دهند.', 'sportcamera.jpeg', 3, NULL, 'published', 260, 36, 'دوربین ورزشی 2025', 'اکشن‌کم‌های ضد آب و مقاوم.', '2025-06-28 12:00:00', '2025-06-28 12:00:00');

-- --------------------------------------------------------

--
-- Table structure for table `Card_details`
--

CREATE TABLE `Card_details` (
  `id` int UNSIGNED NOT NULL,
  `user_id` int UNSIGNED NOT NULL,
  `card_number` char(16) COLLATE utf8mb4_persian_ci NOT NULL,
  `bank_name` varchar(50) COLLATE utf8mb4_persian_ci NOT NULL,
  `bank_logo` varchar(255) COLLATE utf8mb4_persian_ci DEFAULT NULL,
  `status` enum('active','inactive') COLLATE utf8mb4_persian_ci DEFAULT 'active',
  `created_at` timestamp NOT NULL DEFAULT CURRENT_TIMESTAMP
) ENGINE=InnoDB DEFAULT CHARSET=utf8mb4 COLLATE=utf8mb4_persian_ci;

--
-- Dumping data for table `Card_details`
--

INSERT INTO `Card_details` (`id`, `user_id`, `card_number`, `bank_name`, `bank_logo`, `status`, `created_at`) VALUES
(1, 1, '6037991234567890', 'بانک ملی ایران', 'melli-bank-logo', 'active', '2025-09-01 10:21:00'),
(2, 1, '6104339876543210', 'بانک ملت', 'mellat-bank-logo', 'active', '2025-09-01 10:21:00'),
(3, 2, '6274123456789012', 'بانک اقتصاد نوین', 'eghtesad-novin-bank-logo', 'active', '2025-09-01 10:21:00'),
(4, 3, '5022298765432109', 'بانک پاسارگاد', 'pasargad-bank-logo', 'active', '2025-09-01 10:21:00'),
(5, 3, '6219861122334455', 'بانک سامان', 'saman-bank-logo', 'inactive', '2025-09-01 10:21:00'),
(6, 4, '5892109988776655', 'بانک سپه', 'sepah-bank-logo', 'active', '2025-09-01 10:21:00'),
(7, 5, '6037701122446688', 'بانک کشاورزی', 'keshavarzi-bank-logo', 'active', '2025-09-01 10:21:00'),
(8, 5, '5054167788990011', 'بانک گردشگری', 'gardeshgari-bank-logo', 'active', '2025-09-01 10:21:00'),
(9, 6, '6221063344556677', 'بانک پارسیان', 'parsian-bank-logo', 'active', '2025-09-01 10:21:00'),
(10, 7, '6393479988771122', 'بانک سینا', 'sina-bank-logo', 'active', '2025-09-01 10:21:00'),
(11, 7, '6063732233445566', 'بانک مهر ایران', 'mehr-bank-logo', 'active', '2025-09-01 10:21:00'),
(12, 8, '6280234455667788', 'بانک مسکن', 'maskan-bank-logo', 'active', '2025-09-01 10:21:00'),
(13, 9, '6396071122334455', 'بانک سرمایه', 'sarmayeh-bank-logo', 'active', '2025-09-01 10:21:00'),
(14, 10, '5029386677889900', 'بانک توسعه تعاون', 'taavon-bank-logo', 'active', '2025-09-01 10:21:00'),
(15, 10, '5057852233445566', 'بانک ایران زمین', 'iranzamin-bank-logo', 'active', '2025-09-01 10:21:00'),
(16, 11, '6362149988776655', 'بانک آینده', 'ayandeh-bank-logo', 'active', '2025-09-01 10:21:00'),
(17, 12, '6273533344556677', 'بانک تجارت', 'tejarat-bank-logo', 'active', '2025-09-01 10:21:00'),
(18, 13, '5859831122334455', 'بانک رفاه کارگران', 'refah-bank-logo', 'active', '2025-09-01 10:21:00'),
(19, 13, '6273819988771122', 'بانک انصار', 'ansar-bank-logo', 'active', '2025-09-01 10:21:00'),
(20, 14, '5041722233445566', 'بانک رسالت', 'resalat-bank-logo', 'active', '2025-09-01 10:21:00'),
(21, 15, '6391944455667788', 'بانک حکمت ایرانیان', 'hekmat-bank-logo', 'active', '2025-09-01 10:21:00'),
(22, 15, '6369491122334455', 'بانک دی', 'day-bank-logo', 'active', '2025-09-01 10:21:00'),
(23, 16, '5029386677881122', 'بانک شهر', 'shahr-bank-logo', 'active', '2025-09-01 10:21:00'),
(24, 17, '6396074455667788', 'بانک مهر اقتصاد', 'mehr-eghtesad-bank-logo', 'active', '2025-09-01 10:21:00'),
(25, 18, '6362143344556677', 'بانک کارآفرین', 'karafarin-bank-logo', 'active', '2025-09-01 10:21:00'),
(26, 19, '5022299988771122', 'بانک پاسارگاد', 'pasargad-bank-logo', 'active', '2025-09-01 10:21:00'),
(27, 19, '6273812233445566', 'بانک انصار', 'ansar-bank-logo', 'active', '2025-09-01 10:21:00'),
(28, 20, '6393476677889900', 'بانک سینا', 'sina-bank-logo', 'active', '2025-09-01 10:21:00'),
(29, 21, '6063739988776655', 'بانک مهر ایران', 'mehr-bank-logo', 'active', '2025-09-01 10:21:00'),
(30, 22, '6280232233445566', 'بانک مسکن', 'maskan-bank-logo', 'active', '2025-09-01 10:21:00'),
(31, 22, '6037995566778899', 'بانک ملی ایران', 'melli-bank-logo', 'active', '2025-09-01 10:21:00'),
(32, 23, '6104334455667788', 'بانک ملت', 'mellat-bank-logo', 'active', '2025-09-01 10:21:00'),
(33, 24, '6274128899001122', 'بانک اقتصاد نوین', 'eghtesad-novin-bank-logo', 'active', '2025-09-01 10:21:00'),
(34, 25, '5022293344556677', 'بانک پاسارگاد', 'pasargad-bank-logo', 'active', '2025-09-01 10:21:00'),
(35, 25, '6219867788990011', 'بانک سامان', 'saman-bank-logo', 'active', '2025-09-01 10:21:00'),
(36, 26, '5892101122334455', 'بانک سپه', 'sepah-bank-logo', 'active', '2025-09-01 10:21:00'),
(37, 27, '6037709988771122', 'بانک کشاورزی', 'keshavarzi-bank-logo', 'active', '2025-09-01 10:21:00'),
(38, 28, '5054163344556677', 'بانک گردشگری', 'gardeshgari-bank-logo', 'active', '2025-09-01 10:21:00'),
(39, 29, '6221067788990011', 'بانک پارسیان', 'parsian-bank-logo', 'active', '2025-09-01 10:21:00'),
(40, 29, '6393471122334455', 'بانک سینا', 'sina-bank-logo', 'active', '2025-09-01 10:21:00'),
(41, 30, '6063736677889900', 'بانک مهر ایران', 'mehr-bank-logo', 'active', '2025-09-01 10:21:00'),
(56, 33, '5859831033759233', 'بانک تجارت ', 'tejarat-bank-logo', 'active', '2025-09-01 12:03:12');

-- --------------------------------------------------------

--
-- Table structure for table `Categories`
--

CREATE TABLE `Categories` (
  `id` int UNSIGNED NOT NULL,
  `title` varchar(100) COLLATE utf8mb4_persian_ci NOT NULL,
  `parent_id` int UNSIGNED DEFAULT NULL
) ENGINE=InnoDB DEFAULT CHARSET=utf8mb4 COLLATE=utf8mb4_persian_ci;

--
-- Dumping data for table `Categories`
--

INSERT INTO `Categories` (`id`, `title`, `parent_id`) VALUES
(1, 'گوشی', NULL),
(2, 'لپتاپ', NULL),
(3, 'گجت و لوازم دیجیتال', NULL),
(4, 'تبلت', NULL),
(5, 'لوازم جانبی', NULL),
(6, 'تلویزیون و صوتی', NULL),
(7, 'کنسول بازی', NULL),
(8, 'دوربین', NULL),
(9, 'لوازم خانگی', NULL),
(10, 'آشپزخانه', NULL),
(11, 'پوشاک', NULL),
(12, 'کتاب', NULL),
(13, 'ورزش و سفر', NULL),
(14, 'ابزارآلات', NULL),
(15, 'لوازم خودرو', NULL),
(16, 'مواد غذایی', NULL),
(17, 'گل و گیاه', NULL),
(18, 'سامسونگ', 1),
(19, 'اپل', 1),
(20, 'نوکیا', 1),
(21, 'ایسوس', 2),
(22, 'لنوو', 2),
(23, 'اچ‌پی', 2),
(24, 'دل', 2),
(25, 'اپل', 2),
(26, 'مایکروسافت', 2),
(27, 'سامسونگ', 4),
(28, 'لنوو', 4),
(29, 'اپل', 4),
(30, 'هدفون و هندزفری', 3),
(31, 'کیبورد و ماوس', 3),
(32, 'شارژر و کابل', 3),
(33, 'اندروید باکس و پلیر', 3),
(34, 'تلویزیون', 6),
(35, 'ساندبار و سینما خانگی', 6),
(36, 'پلی‌استیشن', 7),
(37, 'ایکس‌باکس', 7),
(38, 'نینتندو', 7),
(39, 'DSLR', 8),
(40, 'Mirrorless', 8),
(41, 'ورزشی', 8),
(42, 'ساید و یخچال', 9),
(43, 'لباسشویی', 9),
(44, 'جاروبرقی', 9),
(45, 'مایکروویو', 10),
(46, 'مخلوط‌کن', 10),
(47, 'قابلمه', 10),
(48, 'مردانه', 11),
(49, 'زنانه', 11),
(50, 'برنامه‌نویسی', 12),
(51, 'وزنه', 13),
(52, 'چادر کمپینگ', 13),
(53, 'دریل', 14),
(54, 'چکش', 14),
(55, 'روکش صندلی', 15),
(56, 'کپسول آتش‌نشانی', 15),
(57, 'برنج', 16),
(58, 'آب معدنی', 16),
(59, 'گیاه آپارتمانی', 17),
(60, 'ابزار باغبانی', 17);

-- --------------------------------------------------------

--
-- Table structure for table `Comments`
--

CREATE TABLE `Comments` (
  `id` int NOT NULL,
  `body` text COLLATE utf8mb4_persian_ci NOT NULL,
  `created_at` datetime NOT NULL DEFAULT CURRENT_TIMESTAMP,
  `updated_at` datetime DEFAULT NULL ON UPDATE CURRENT_TIMESTAMP,
  `userID` int UNSIGNED NOT NULL,
  `productID` int UNSIGNED NOT NULL,
  `is_reply` tinyint(1) NOT NULL DEFAULT '0',
  `reply_id` int UNSIGNED DEFAULT NULL,
  `status` enum('pending','approved','rejected') COLLATE utf8mb4_persian_ci NOT NULL DEFAULT 'pending'
) ENGINE=InnoDB DEFAULT CHARSET=utf8mb4 COLLATE=utf8mb4_persian_ci;

--
-- Dumping data for table `Comments`
--

INSERT INTO `Comments` (`id`, `body`, `created_at`, `updated_at`, `userID`, `productID`, `is_reply`, `reply_id`, `status`) VALUES
(1, 'محصول بسیار باکیفیت بود، خیلی راضی هستم!', '2025-05-22 08:30:00', NULL, 1, 1, 0, NULL, 'approved'),
(2, 'تحویل سریع بود ولی بسته‌بندی می‌تونست بهتر باشه.', '2025-05-22 13:00:00', NULL, 2, 8, 0, NULL, 'approved'),
(3, 'قیمتش با توجه به کیفیت مناسب بود.', '2025-05-23 09:45:00', '2025-08-23 10:23:38', 6, 10, 0, NULL, 'pending'),
(4, 'موافقم، کیفیتش واقعا خوبه', '2025-05-23 10:00:00', '2025-08-23 10:44:30', 3, 10, 1, 3, 'approved'),
(5, 'عالی بود، حتما دوباره خرید می‌کنم.', '2025-05-24 11:30:00', NULL, 2, 60, 0, NULL, 'approved'),
(6, 'محصول خوب بود ولی پشتیبانی می‌تونست سریع‌تر جواب بده.', '2025-05-24 14:20:00', '2025-08-23 10:23:44', 7, 15, 0, NULL, 'approved'),
(7, ' ممنون از نظرتون، روی پشتیبانی کار می‌کنیم', '2025-05-24 14:45:00', '2025-08-23 10:44:35', 3, 15, 1, 6, 'approved'),
(8, 'کیفیت محصول خیلی خوب بود، توصیه می‌کنم.', '2025-05-25 10:15:00', NULL, 1, 20, 0, NULL, 'pending'),
(9, 'ارسال به موقع بود، ممنونم.', '2025-05-25 16:45:00', NULL, 2, 25, 0, NULL, 'approved'),
(10, 'محصول مطابق توضیحات بود، راضی‌ام.', '2025-05-26 14:00:00', '2025-08-23 10:23:49', 7, 30, 0, NULL, 'approved'),
(11, 'خیلی خوبه ولی قیمتش یه کم بالاست.', '2025-05-26 09:30:00', '2025-08-23 09:31:49', 1, 11, 0, NULL, 'approved'),
(12, ' ممنون، سعی می‌کنیم قیمت‌ها رو بهینه کنیم', '2025-05-26 09:45:00', '2025-08-23 09:33:02', 2, 35, 1, NULL, 'approved'),
(13, 'عالی بود، خیلی کاربردیه.', '2025-05-27 11:15:00', NULL, 2, 40, 0, NULL, 'pending'),
(14, 'تحویل سریع و محصول باکیفیت.', '2025-05-27 15:00:00', '2025-08-23 10:23:52', 8, 45, 0, NULL, 'approved'),
(15, 'خوب بود ولی انتظارم بیشتر بود.', '2025-05-28 10:45:00', NULL, 1, 50, 0, NULL, 'approved'),
(16, 'ممنون از فیدبکتون، نظرتون رو بررسی می‌کنیم', '2025-05-28 11:00:00', '2025-08-23 10:44:40', 3, 50, 1, 15, 'approved'),
(17, 'محصول خیلی خوبیه، حتما پیشنهاد می‌کنم.', '2025-05-28 12:30:00', '2025-08-23 10:04:02', 2, 13, 0, NULL, 'approved'),
(18, 'کیفیت معمولی بود، انتظار بیشتری داشتم.', '2025-05-29 15:30:00', NULL, 3, 60, 0, NULL, 'pending'),
(19, 'عالی، خیلی راضی‌ام از خریدم.', '2025-05-29 09:00:00', NULL, 1, 65, 0, NULL, 'approved'),
(20, 'خوشحالیم که راضی بودید', '2025-05-29 09:15:00', '2025-08-23 10:44:44', 3, 65, 1, 19, 'approved'),
(21, 'راضیم', '2025-08-23 05:00:28', NULL, 31, 11, 0, NULL, 'pending'),
(22, 'حرف ندارع', '2025-08-23 05:03:07', '2025-08-23 09:31:23', 31, 11, 0, NULL, 'approved'),
(23, 'test', '2025-08-23 05:04:31', '2025-08-23 05:27:18', 31, 11, 0, NULL, 'approved'),
(24, 'test2', '2025-08-23 05:11:55', NULL, 31, 11, 0, NULL, 'pending'),
(25, 'test3', '2025-08-23 05:21:21', NULL, 31, 11, 0, NULL, 'pending'),
(26, 'خیلی خوبه', '2025-08-23 09:53:31', '2025-08-23 10:22:39', 31, 13, 0, NULL, 'approved'),
(27, 'سپاس از لطفتون', '2025-08-23 10:21:53', '2025-08-23 15:13:26', 3, 13, 1, 17, 'approved'),
(28, 'راضیم ازش', '2025-08-24 03:06:35', '2025-08-24 03:08:57', 31, 14, 0, NULL, 'approved'),
(29, 'عنوان', '2025-08-25 10:42:39', '2025-08-25 10:43:05', 31, 20, 0, NULL, 'approved'),
(30, 'متن دیدگاه', '2025-08-25 14:20:23', '2025-08-25 14:21:02', 1, 20, 1, 29, 'approved'),
(31, 'هندزفری با حذف نویز', '2025-08-25 14:26:00', NULL, 1, 20, 1, 29, 'pending'),
(32, 'متن دیدگاه', '2025-08-25 14:26:21', NULL, 1, 20, 1, 29, 'pending'),
(33, 'سر کوچه ما ارزونتره', '2025-08-27 14:13:36', '2025-08-27 14:14:30', 32, 20, 0, NULL, 'approved'),
(34, 'سروش عالیه', '2025-08-28 02:48:41', '2025-08-28 02:49:00', 33, 40, 0, NULL, 'approved'),
(35, 'کیفیت خوب بود', '2025-09-08 07:32:41', '2025-09-08 07:33:00', 11, 3, 0, NULL, 'approved'),
(36, 'کیفیت عالی', '2025-09-10 12:58:44', '2025-09-10 12:59:06', 12, 57, 0, NULL, 'approved'),
(37, 'خوشحالیم از رضایتتون', '2025-09-11 07:19:26', NULL, 1, 13, 1, 17, 'pending'),
(38, 'راضیم ازین محصول', '2025-09-28 09:55:47', '2025-09-28 09:56:09', 15, 14, 0, NULL, 'approved'),
(39, 'عالی', '2025-09-29 04:29:59', '2025-09-29 04:35:55', 15, 3, 0, NULL, 'approved'),
(40, 'بله', '2025-10-02 10:04:03', NULL, 16, 57, 0, NULL, 'pending'),
(41, 'خوبه استفاده کنید', '2025-10-02 10:06:25', NULL, 1, 57, 1, 36, 'pending'),
(42, 'استفاده کردم ولی جالب نبود', '2025-10-10 13:28:24', NULL, 16, 14, 0, NULL, 'pending'),
(43, 'من هم موافقم', '2025-10-10 13:28:45', NULL, 1, 14, 1, 38, 'pending'),
(44, 'شما', '2025-11-01 13:30:54', NULL, 16, 3, 0, NULL, 'pending');

-- --------------------------------------------------------

--
-- Table structure for table `Offs`
--

CREATE TABLE `Offs` (
  `id` int UNSIGNED NOT NULL,
  `code` varchar(20) COLLATE utf8mb4_persian_ci NOT NULL,
  `percent` tinyint UNSIGNED NOT NULL,
  `adminID` int UNSIGNED NOT NULL,
  `date` date NOT NULL,
  `endDate` date NOT NULL,
  `isActive` tinyint(1) NOT NULL DEFAULT '0'
) ENGINE=InnoDB DEFAULT CHARSET=utf8mb4 COLLATE=utf8mb4_persian_ci;

--
-- Dumping data for table `Offs`
--

INSERT INTO `Offs` (`id`, `code`, `percent`, `adminID`, `date`, `endDate`, `isActive`) VALUES
(1, 'KX7N4P8', 20, 1, '2023-06-05', '2023-06-20', 1),
(2, 'Z9T3M2R', 50, 2, '2023-06-21', '2023-07-06', 0),
(3, 'Q5W8L6J', 10, 3, '2023-08-10', '2023-08-25', 1),
(4, 'H2Y9F4K', 15, 4, '2023-08-30', '2023-09-14', 1),
(5, 'B6P1N8T', 25, 5, '2023-09-25', '2023-10-10', 0),
(6, 'M3R7V2Q', 30, 1, '2023-11-05', '2023-11-20', 1),
(7, 'T9K4W8L', 5, 2, '2023-11-21', '2023-12-06', 0),
(8, 'F2J6Y9P', 20, 3, '2024-01-10', '2024-01-25', 1),
(9, 'N7T3M1R', 15, 4, '2024-01-30', '2024-02-14', 1),
(10, 'W8L5Q2K', 40, 5, '2024-02-24', '2024-03-10', 0),
(11, 'P4N9T7J', 10, 1, '2024-04-04', '2024-04-19', 1),
(12, 'Y6K2M3F', 25, 2, '2024-04-20', '2024-05-05', 1),
(13, 'L9R7W5T', 30, 3, '2024-06-09', '2024-06-24', 0),
(14, 'J3P8N1Q', 30, 4, '2024-06-29', '2024-07-14', 1),
(15, 'T2Y6K4M', 20, 5, '2024-07-24', '2024-08-08', 0),
(16, 'R7F3L9W', 15, 1, '2023-06-15', '2023-06-30', 1),
(17, 'K8T2P6N', 35, 2, '2023-07-05', '2023-07-20', 0),
(18, 'M4J9Y3Q', 10, 3, '2023-07-21', '2023-08-05', 1),
(19, 'W6L2T8K', 25, 4, '2023-09-09', '2023-09-24', 1),
(20, 'P9N7F4R', 15, 5, '2023-09-29', '2023-10-14', 0),
(21, 'Y3T6M2J', 40, 1, '2023-10-25', '2023-11-09', 1),
(22, 'F8K4W9L', 20, 2, '2023-12-05', '2023-12-20', 0),
(23, 'N2P7T3Q', 30, 3, '2023-12-21', '2024-01-05', 1),
(24, 'T6Y9J1M', 10, 4, '2024-02-09', '2024-02-24', 1),
(25, 'L3K8F2W', 25, 5, '2024-02-28', '2024-03-14', 0),
(26, 'J9P4N6T', 20, 1, '2024-03-25', '2024-04-09', 1),
(27, 'M2T7Y3K', 15, 2, '2024-05-04', '2024-05-19', 0),
(28, 'W8L3F9Q', 30, 3, '2024-05-20', '2024-06-04', 1),
(29, 'P4N6T2J', 10, 4, '2024-07-09', '2024-07-24', 1),
(30, 'Y7K3M8F', 25, 5, '2024-07-29', '2024-08-13', 0),
(31, 'R2T9L4W', 20, 1, '2024-08-19', '2024-09-03', 1),
(32, 'K6F3P8N', 15, 2, '2024-08-20', '2024-09-04', 0),
(33, 'T9J2Y6M', 10, 3, '2024-08-21', '2024-09-05', 1),
(34, 'L3W8K4T', 25, 1, '2024-08-22', '2024-09-06', 1),
(35, 'F6N2P9J', 30, 2, '2024-08-23', '2024-09-07', 0),
(36, 'Y4T7M3L', 15, 3, '2024-08-24', '2024-09-08', 1),
(37, 'W9K2F8P', 20, 1, '2024-08-25', '2024-09-09', 1),
(38, 'N3T6Y4J', 10, 2, '2024-08-26', '2024-09-11', 0),
(39, 'P8L2M9F', 25, 3, '2024-08-27', '2024-09-12', 1),
(40, 'J6T3W8K', 15, 1, '2024-08-28', '2024-09-13', 1),
(41, 'M9F4N2Y', 20, 2, '2024-08-29', '2024-09-14', 0),
(42, 'T3P8L6J', 10, 3, '2024-08-30', '2024-09-15', 1),
(43, 'K2Y9T4M', 25, 1, '2024-08-31', '2024-09-16', 1),
(44, 'F6N3W8P', 15, 2, '2024-09-01', '2024-09-16', 0),
(45, 'L9T2J4Y', 10, 3, '2024-09-02', '2024-09-17', 1),
(46, 'W3K8M6N', 20, 1, '2024-09-03', '2024-09-18', 1),
(47, 'P9F4T2L', 15, 2, '2024-09-04', '2024-09-19', 0),
(48, 'J6Y3N8K', 25, 3, '2024-09-05', '2024-09-20', 1),
(49, 'T2M9F4W', 10, 1, '2024-09-06', '2024-09-21', 1),
(50, 'N3L8P6Y', 15, 2, '2024-09-07', '2024-09-22', 0),
(51, 'K9T4J2M', 20, 3, '2024-09-08', '2024-09-23', 1),
(52, 'F6Y3N8P', 25, 1, '2024-09-09', '2024-09-24', 1),
(53, 'W2L9T4K', 10, 2, '2024-09-10', '2024-09-25', 0),
(54, 'P8M3F6J', 15, 3, '2024-09-11', '2024-09-26', 1),
(55, 'Y4N9K2T', 20, 1, '2024-09-12', '2024-09-27', 1),
(56, 'T3P8L6M', 25, 2, '2024-09-13', '2024-09-28', 0),
(57, 'J9F4Y2N', 10, 3, '2024-09-14', '2024-09-29', 1),
(58, 'K6T3M8P', 15, 1, '2024-09-15', '2024-09-30', 1),
(59, 'N2L9F4Y', 20, 2, '2024-09-16', '2024-10-01', 0),
(60, 'W8P3T6J', 25, 3, '2024-09-17', '2024-10-02', 1);

-- --------------------------------------------------------

--
-- Table structure for table `Orders`
--

DROP TABLE IF EXISTS `Orders`;

CREATE TABLE `Orders` (
  `id` INT NOT NULL AUTO_INCREMENT,
  `orderCode` CHAR(36) NOT NULL UNIQUE,
  `userID` INT UNSIGNED NOT NULL,
  `date` DATE NOT NULL,
  `hour` TIME NOT NULL,
  `isActive` TINYINT(1) NOT NULL DEFAULT '1',
  PRIMARY KEY (`id`),
  UNIQUE KEY `orderCode_UNIQUE` (`orderCode`) 
) ENGINE=InnoDB DEFAULT CHARSET=utf8mb4 COLLATE=utf8mb4_persian_ci;


INSERT INTO `Orders` (`id`, `orderCode`, `userID`, `date`, `hour`, `isActive`) VALUES
(1, 'a1b2c3d4-e5f6-4a00-8b11-2c3d4e5f6a1b', 1, '2025-05-22', '08:15:00', 1),
(2, 'b2c3d4e5-f6a1-4b00-9c22-3d4e5f6a1b2c', 2, '2025-05-22', '12:45:00', 1),
(3, 'c3d4e5f6-a1b2-4c00-ad33-4e5f6a1b2c3d', 3, '2025-05-23', '09:30:00', 0),
(4, 'd4e5f6a1-b2c3-4d00-be44-5f6a1b2c3d4e', 1, '2025-05-23', '15:00:00', 1),
(5, 'e5f6a1b2-c3d4-4e00-cf55-6a1b2c3d4e5f', 2, '2025-05-24', '11:20:00', 1),
(6, 'f6a1b2c3-d4e5-4f00-dg66-7b2c3d4e5f6a', 3, '2025-05-24', '14:10:00', 1),
(7, 'a1b2c3d4-e5f6-4a01-8h77-8c3d4e5f6a1b', 1, '2025-05-25', '10:00:00', 0),
(8, 'b2c3d4e5-f6a1-4b01-9i88-9d4e5f6a1b2c', 2, '2025-05-25', '16:30:00', 1),
(9, 'c3d4e5f6-a1b2-4c01-aj99-ae5f6a1b2c3d', 3, '2025-05-26', '13:45:00', 1),
(10, 'd4e5f6a1-b2c3-4d01-bk00-bf6a1b2c3d4e', 1, '2025-05-26', '09:15:00', 1),
(11, 'e5f6a1b2-c3d4-4e01-cl11-c7b2c3d4e5f6', 16, '2025-10-07', '11:21:16', 1),
(15, 'f6a1b2c3-d4e5-4f01-dm22-d8c3d4e5f6a1', 16, '2025-10-08', '10:02:12', 0),
(16, 'a1b2c3d4-e5f6-4a02-en33-e9d4e5f6a1b2', 16, '2025-10-15', '04:30:09', 1),
(17, 'b2c3d4e5-f6a1-4b02-fo44-f0e5f6a1b2c3', 16, '2025-10-15', '04:44:21', 1),
(18, 'c3d4e5f6-a1b2-4c02-gp55-g1f6a1b2c3d4', 16, '2025-10-15', '04:49:25', 1),
(19, 'd4e5f6a1-b2c3-4d02-hq66-h2a1b2c3d4e5', 16, '2025-10-15', '04:56:06', 1),
(20, 'e5f6a1b2-c3d4-4e02-ir77-i3b2c3d4e5f6', 16, '2025-10-15', '08:07:08', 1),
(21, 'f6a1b2c3-d4e5-4f02-js88-j4c3d4e5f6a1', 16, '2025-10-15', '09:33:34', 1),
(22, 'a1b2c3d4-e5f6-4a03-kt99-k5d4e5f6a1b2', 16, '2025-10-15', '10:46:47', 1),
(23, 'b2c3d4e5-f6a1-4b03-lu00-l6e5f6a1b2c3', 16, '2025-10-17', '08:31:13', 1);

-- --------------------------------------------------------

--
-- Table structure for table `Order_items`
--

DROP TABLE IF EXISTS `Order_items`;

CREATE TABLE `Order_items` (
  `id` int UNSIGNED NOT NULL AUTO_INCREMENT,
  `orderID` int UNSIGNED NOT NULL,
  `productID` int UNSIGNED NOT NULL,
  `quantity` smallint UNSIGNED NOT NULL DEFAULT '1',
  `price` decimal(15,2) NOT NULL,
  `color` varchar(50) COLLATE utf8mb4_persian_ci DEFAULT NULL,
  PRIMARY KEY (`id`)
) ENGINE=InnoDB DEFAULT CHARSET=utf8mb4 COLLATE=utf8mb4_persian_ci;

INSERT INTO `Order_items` (`id`, `orderID`, `productID`, `quantity`, `price`, `color`) VALUES
(1, 1, 1, 2, 30000000 , 'red'),
(2, 2, 8, 1, 15000000 , 'blue'),
(3, 3, 10, 5, 250000 , 'green'),
(4, 4, 58, 3, 20000000 , 'yellow'),
(5, 5, 60, 4, 600000 , 'purple'),
(6, 11, 3, 1, 1500000 , 'آبی'),
(7, 11, 8, 1, 22000000 , 'مشکی'),
(13, 15, 13, 2, 2500000 , 'مشکی'),
(14, 16, 57, 1, 45000000 , 'نقره‌ای'),
(15, 17, 5, 1, 65000000 , 'مشکی'),
(16, 17, 3, 1, 1500000 , 'قرمز'),
(17, 18, 1, 1, 35000000 , 'سفید'),
(18, 19, 1, 2, 35000000 , 'سفید'),
(19, 20, 1, 2, 35000000 , 'سفید'),
(20, 21, 2, 1, 55000000 , 'مشکی'),
(21, 22, 3, 1, 1500000 , 'آبی'),
(22, 23, 8, 1, 22000000 , 'مشکی'),
(23, 23, 28, 1, 2500000 , 'مشکی');


-- --------------------------------------------------------

--
-- Table structure for table `Products`
--

CREATE TABLE `Products` (
  `id` int UNSIGNED NOT NULL,
  `title` varchar(100) COLLATE utf8mb4_persian_ci NOT NULL,
  `price` decimal(15,2) UNSIGNED NOT NULL,
  `count` smallint UNSIGNED NOT NULL DEFAULT '0',
  `img` varchar(255) COLLATE utf8mb4_persian_ci NOT NULL,
  `popularity` tinyint UNSIGNED NOT NULL,
  `sale` decimal(15,2) UNSIGNED NOT NULL DEFAULT '0 ',
  `hasDiscount` tinyint(1) NOT NULL DEFAULT '0',
  `discountEndDate` datetime DEFAULT NULL,
  `discountPercent` tinyint UNSIGNED DEFAULT NULL,
  `colors` longtext CHARACTER SET utf8mb4 COLLATE utf8mb4_bin NOT NULL,
  `productDesc` text COLLATE utf8mb4_persian_ci NOT NULL,
  `url` varchar(255) COLLATE utf8mb4_persian_ci NOT NULL,
  `categoryID` int UNSIGNED NOT NULL
) ;

--
-- Dumping data for table `Products`
--

INSERT INTO `Products` (`id`, `title`, `price`, `count`, `img`, `popularity`, `sale`, `hasDiscount`, `discountEndDate`, `discountPercent`, `colors`, `productDesc`, `url`, `categoryID`) VALUES
(1, 'گوشی سامسونگ گلکسی S24', 35000000, 50, 'samsung-s24.jpg', 1, 100 , 1, '2025-08-16 21:42:00', 10, '[\"سفید\"]', 'گوشی 5G با نمایشگر AMOLED', 'samsung-s24-url', 18),
(2, 'آیفون 14 پرو', 55000000, 30, 'iphone-14pro.jpg', 2, 0 , 0, NULL, NULL, '[\"مشکی\",\"نقره‌ای\"]', 'گوشی پرچمدار اپل با دوربین 48MP', 'iphone-14pro-url', 19),
(3, 'نوکیا 3310', 1500000, 100, 'nokia-3310.jpg', 3, 0 , 1, NULL, 40, '[\"آبی\",\"قرمز\"]', 'گوشی کلاسیک با باتری قوی', 'nokia-3310-url', 20),
(4, 'نوکیا 105', 800000, 2, 'nokia-105.jpg', 3, 100 , 1, '2025-08-16 21:42:00', 15, '[\"مشکی\"]', 'گوشی ساده با دوام بالا', 'nokia-105-url', 20),
(5, 'لپتاپ ایسوس ROG Strix', 65000000, 20, 'asus-rog.jpg', 4, 100 , 1, '2025-08-16 21:42:00', 12, '[\"مشکی\"]', 'لپتاپ گیمینگ با RTX 4070', 'asus-rog-url', 21),
(6, 'لپتاپ لنوو Raider', 48000000 , 25, 'lenovo-raider.jpg', 3, 0 , 0, NULL, NULL, '[\"مشکی\"]', 'لپتاپ گیمینگ با پردازنده Ryzen', 'lenovo-raider-url', 22),
(7, 'لپتاپ اچ‌پی Pavilion', 25000000 , 40, 'hp-pavilion.jpg', 1, 100 , 1, '2025-08-16 21:42:00', 8, '[\"نقره‌ای\"]', 'لپتاپ سبک برای مصارف خانگی', 'hp-pavilion-url', 23),
(8, 'لپتاپ دل Inspiron 15', 22000000 , 50, 'dell-inspiron.jpg', 5, 0 , 1, NULL, 50, '[\"مشکی\"]', 'لپتاپ اقتصادی با عملکرد خوب', 'dell-inspiron-url', 24),
(9, 'مک‌بوک پرو M2', 75000000 , 15, 'macbook-pro.jpeg', 4, 0 , 0, NULL, NULL, '[\"خاکستری\",\"نقره‌ای\"]', 'لپتاپ حرفه‌ای با چیپ M2', 'macbook-pro-url', 25),
(10, 'لپتاپ سرفیس پرو 9', 60000000 , 20, 'surface-pro.jpg', 2, 100 , 1, '2025-08-16 21:42:00', 10, '[\"مشکی\"]', 'لپتاپ هیبریدی با ویندوز', 'surface-pro-url', 26),
(11, 'پاوربانک شیائومی 20000mAh', 1500000 , 80, 'xiaomi-powerbank.jpg', 3, 100 , 1, '2025-08-16 21:42:00', 10, '[\"مشکی\",\"سفید\"]', 'پاوربانک با شارژ سریع', 'xiaomi-powerbank-url', 32),
(12, 'لامپ هوشمند شیائومی', 900000 , 60, 'xiaomi-smartlamp.jpg', 2, 0 , 1, NULL, 50, '[\"سفید\"]', 'لامپ قابل کنترل با اپلیکیشن', 'xiaomi-smartlamp-url', 33),
(13, 'هارد اکسترنال 1TB وسترن دیجیتال', 2500000 , 70, 'wd-hdd.jpg', 3, 100 , 1, '2025-08-16 21:42:00', 8, '[\"مشکی\"]', 'هارد اکسترنال با سرعت بالا', 'wd-hdd-url', 32),
(14, 'فلش مموری 64GB سندیسک', 400000 , 100, 'sandisk-flash.jpg', 1, 0 , 1, NULL, 50, '[\"نقره‌ای\"]', 'فلش مموری USB 3.0', 'sandisk-flash-url', 32),
(15, 'تبلت سامسونگ گلکسی تب A9', 9000000 , 40, 'samsung-taba9.jpg', 4, 100 , 1, '2025-08-16 21:42:00', 10, '[\"خاکستری\"]', 'تبلت اقتصادی با نمایشگر 8.7 اینچ', 'samsung-taba9-url', 27),
(16, 'تبلت لنوو Tab M10', 8500000 , 45, 'lenovo-tabm10.jpg', 5, 0 , 0, NULL, NULL, '[\"مشکی\"]', 'تبلت اندرویدی با باتری قوی', 'lenovo-tabm10-url', 28),
(17, 'آیپد ایر M2', 30000000 , 1, 'ipad-air.jpg', 2, 0 , 0, NULL, NULL, '[\"آبی\",\"خاکستری\"]', 'تبلت اپل با چیپ M2', 'ipad-air-url', 29),
(18, 'آیپد پرو M4', 55000000 , 15, 'ipad-pro.jpg', 3, 100 , 1, '2025-08-16 21:42:00', 12, '[\"نقره‌ای\"]', 'تبلت حرفه‌ای با نمایشگر OLED', 'ipad-pro-url', 29),
(19, 'هدفون بی‌سیم JBL', 3500000 , 60, 'jbl-headphones.jpg', 3, 100 , 1, '2025-08-16 21:42:00', 10, '[\"مشکی\",\"سفید\"]', 'هدفون بی‌سیم با کیفیت صدا بالا', 'jbl-headphones-url', 30),
(20, 'هندزفری بلوتوثی شیائومی', 1200000 , 80, 'xiaomi-earbuds.jpg', 1, 0 , 0, NULL, NULL, '[\"سفید\"]', 'هندزفری با حذف نویز', 'xiaomi-earbuds-url', 30),
(21, 'کیبورد مکانیکال ریزر', 4500000 , 25, 'razer-keyboard.jpg', 4, 100 , 1, '2025-08-16 21:42:00', 10, '[\"مشکی\"]', 'کیبورد گیمینگ با نور RGB', 'razer-keyboard-url', 31),
(22, 'ماوس گیمینگ لاجیتک G502', 3200000 , 30, 'logitech-g502.jpg', 3, 0 , 0, NULL, NULL, '[\"مشکی\"]', 'ماوس حرفه‌ای با DPI بالا', 'logitech-g502-url', 31),
(23, 'مانیتور 27 اینچ LG 4K', 15000000 , 15, 'lg-4k-monitor.jpg', 5, 100 , 1, '2025-08-16 21:42:00', 12, '[\"مشکی\"]', 'مانیتور 4K با پنل IPS', 'lg-4k-monitor-url', 34),
(24, 'مانیتور سامسونگ 24 اینچ', 9000000 , 20, 'samsung-24-monitor.jpg', 2, 0 , 1, NULL, 40, '[\"مشکی\"]', 'مانیتور Full HD با نرخ 75Hz', 'samsung-24-monitor-url', 34),
(25, 'اسپیکر بلوتوثی سونی', 5000000 , 40, 'sony-speaker.jpg', 3, 100 , 1, '2025-08-16 21:42:00', 8, '[\"مشکی\",\"آبی\"]', 'اسپیکر پرتابل ضدآب', 'sony-speaker-url', 30),
(26, 'دوربین عکاسی کانن EOS 90D', 35000000 , 10, 'canon-90d.jpg', 4, 0 , 0, NULL, NULL, '[\"مشکی\"]', 'دوربین DSLR با سنسور 32MP', 'canon-90d-url', 35),
(27, 'لنز کانن 50mm f/1.8', 8000000 , 12, 'canon-50mm.jpg', 3, 100 , 1, '2025-08-16 21:42:00', 10, '[\"مشکی\"]', 'لنز پرایم پرطرفدار', 'canon-50mm-url', 35),
(28, 'سه‌پایه دوربین مانفروتو', 2500000 , 18, 'manfrotto-tripod.jpg', 2, 0 , 1, NULL, 30, '[\"مشکی\"]', 'سه‌پایه سبک و مقاوم', 'manfrotto-tripod-url', 35),
(29, 'کنسول پلی‌استیشن 5', 32000000 , 20, 'ps5-console.jpg', 5, 100 , 1, '2025-08-16 21:42:00', 15, '[\"سفید\"]', 'کنسول بازی نسل نهم', 'ps5-console-url', 36),
(30, 'دسته پلی‌استیشن 5 DualSense', 2800000 , 35, 'ps5-dualsense.jpg', 4, 0 , 0, NULL, NULL, '[\"سفید\",\"مشکی\"]', 'کنترلر بی‌سیم با بازخورد لمسی', 'ps5-dualsense-url', 36),
(31, 'بازی Horizon Forbidden West', 2500000 , 50, 'horizon.jpg', 3, 100 , 1, '2025-08-16 21:42:00', 10, '[\"دیسکی\"]', 'بازی ماجراجویی اکشن برای PS5', 'horizon-url', 37),
(32, 'بازی God of War Ragnarok', 2800000 , 45, 'gow-ragnarok.jpg', 5, 0 , 0, NULL, NULL, '[\"دیسکی\"]', 'اکشن ماجرایی حماسی', 'gow-ragnarok-url', 37),
(33, 'بازی Elden Ring', 2600000 , 40, 'elden-ring.jpg', 4, 100 , 1, '2025-08-16 21:42:00', 12, '[\"دیسکی\"]', 'بازی نقش‌آفرینی جهان‌باز', 'elden-ring-url', 37),
(34, 'مایکروسافت Xbox Series X', 31000000 , 20, 'xbox-seriesx.jpg', 5, 100 , 1, '2025-08-16 21:42:00', 15, '[\"مشکی\"]', 'کنسول بازی قدرتمند مایکروسافت', 'xbox-seriesx-url', 36),
(35, 'کنترلر Xbox Wireless', 2500000 , 30, 'xbox-controller.jpg', 3, 0 , 1, NULL, 35, '[\"مشکی\",\"سفید\"]', 'کنترلر بی‌سیم با ارگونومی عالی', 'xbox-controller-url', 36),
(36, 'کیف حمل نینتندو سوییچ', 800000 , 40, 'switch-case.jpg', 2, 0 , 0, NULL, NULL, '[\"قرمز\",\"مشکی\"]', 'کیف محافظ مقاوم', 'switch-case-url', 36),
(37, 'نینتندو سوییچ OLED', 18000000 , 25, 'switch-oled.jpg', 4, 100 , 1, '2025-08-16 21:42:00', 10, '[\"سفید\",\"قرمز\"]', 'کنسول هیبریدی با نمایشگر OLED', 'switch-oled-url', 36),
(38, 'هدفون گیمینگ استیل‌سریز', 4200000 , 30, 'steelseries-headset.png', 4, 0 , 0, NULL, NULL, '[\"مشکی\"]', 'هدفون با میکروفون نویزگیر', 'steelseries-headset-url', 31),
(39, 'ماوس‌پد RGB کورسیر', 900000 , 60, 'corsair-mousepad.jpg', 3, 100 , 1, '2025-08-16 21:42:00', 8, '[\"مشکی\"]', 'ماوس‌پد با نورپردازی RGB', 'corsair-mousepad-url', 31),
(40, 'صندلی گیمینگ DXRacer', 12000000 , 15, 'dxracer-chair.jpg', 5, 100 , 1, '2025-08-16 21:42:00', 12, '[\"مشکی\",\"قرمز\"]', 'صندلی ارگونومیک مخصوص بازی', 'dxracer-chair-url', 31),
(41, 'میکروفون استریمینگ Blue Yeti', 4500000 , 20, 'blue-yeti.png', 4, 0 , 1, NULL, 30, '[\"نقره‌ای\"]', 'میکروفون USB با کیفیت ضبط بالا', 'blue-yeti-url', 38),
(42, 'وب‌کم Logitech C920', 3200000 , 35, 'logitech-c920.jpg', 3, 100 , 1, '2025-08-16 21:42:00', 10, '[\"مشکی\"]', 'وب‌کم Full HD', 'logitech-c920-url', 38),
(43, 'کارت گرافیک RTX 4080', 65000000 , 10, 'rtx-4080.jpg', 5, 0 , 0, NULL, NULL, '[\"مشکی\"]', 'کارت گرافیک قدرتمند نسل جدید', 'rtx-4080-url', 39),
(44, 'پردازنده Intel i9-14900K', 28000000 , 12, 'intel-i9.jpg', 5, 0 , 0, NULL, NULL, '[\"مشکی\"]', 'پردازنده پرچمدار اینتل', 'intel-i9-url', 39),
(45, 'رم DDR5 32GB کورسیر', 4500000 , 25, 'corsair-ram.jpg', 4, 100 , 1, '2025-08-16 21:42:00', 8, '[\"مشکی\"]', 'حافظه رم سرعت بالا', 'corsair-ram-url', 39),
(46, 'مادربرد ASUS Z790', 15000000 , 15, 'asus-z790.png', 3, 0 , 1, NULL, 40, '[\"مشکی\"]', 'مادربرد مخصوص گیمینگ', 'asus-z790-url', 39),
(47, 'SSD سامسونگ 1TB NVMe', 3800000 , 40, 'samsung-ssd1tb.jpg', 4, 100 , 1, '2025-08-16 21:42:00', 10, '[\"مشکی\"]', 'اس‌اس‌دی پرسرعت NVMe', 'samsung-ssd1tb-url', 39),
(48, 'هارد اکسترنال سیگیت 2TB', 2800000 , 50, 'seagate-2tb.jpg', 3, 0 , 0, NULL, NULL, '[\"مشکی\"]', 'هارد اکسترنال مقاوم', 'seagate-2tb-url', 32),
(49, 'کولر مایع Corsair', 5000000 , 18, 'corsair-cooler.jpeg', 4, 100 , 1, '2025-08-16 21:42:00', 12, '[\"مشکی\"]', 'خنک‌کننده مایع پردازنده', 'corsair-cooler-url', 39),
(50, 'پاور 850W EVGA', 4000000 , 20, 'evga-850w.jpg', 3, 0 , 0, NULL, NULL, '[\"مشکی\"]', 'منبع تغذیه با راندمان بالا', 'evga-850w-url', 39),
(51, 'کیس گیمینگ NZXT H710', 7000000 , 22, 'nzxt-h710.jpeg', 4, 100 , 1, '2025-08-16 21:42:00', 10, '[\"سفید\",\"مشکی\"]', 'کیس با تهویه عالی', 'nzxt-h710-url', 39),
(52, 'مانیتور گیمینگ MSI 32\"', 19000000 , 14, 'msi-32-monitor.jpg', 5, 0 , 0, NULL, NULL, '[\"مشکی\"]', 'مانیتور 165Hz منحنی', 'msi-32-monitor-url', 34),
(53, 'هدست واقعیت مجازی Meta Quest 3', 22000000 , 16, 'meta-quest3.jpg', 4, 100 , 1, '2025-08-16 21:42:00', 12, '[\"سفید\"]', 'هدست VR بی‌سیم', 'meta-quest3-url', 40),
(54, 'دوربین امنیتی Arlo Pro 4', 8000000 , 30, 'arlo-pro4.png', 3, 0 , 1, NULL, 40, '[\"سفید\"]', 'دوربین بی‌سیم با دید در شب', 'arlo-pro4-url', 41),
(55, 'ربات جاروبرقی Roborock S8', 15000000 , 18, 'roborock-s8.png', 4, 100 , 1, '2025-08-16 21:42:00', 10, '[\"سفید\",\"مشکی\"]', 'جاروبرقی رباتیک هوشمند', 'roborock-s8-url', 41),
(56, 'ماشین لباسشویی ال‌جی 9kg', 22000000 , 12, 'lg-washer.jpg', 3, 0 , 0, NULL, NULL, '[\"نقره‌ای\"]', 'ماشین لباسشویی هوشمند', 'lg-washer-url', 42),
(57, 'یخچال ساید بای ساید سامسونگ', 45000000 , 8, 'samsung-fridge.jpg', 5, 0 , 0, NULL, NULL, '[\"نقره‌ای\"]', 'یخچال بزرگ با فناوری اینورتر', 'samsung-fridge-url', 42),
(58, 'مایکروویو پاناسونیک', 6500000 , 25, 'panasonic-microwave.jpg', 2, 100 , 1, '2025-08-16 21:42:00', 8, '[\"نقره‌ای\"]', 'مایکروویو با منوی هوشمند', 'panasonic-microwave-url', 42),
(59, 'قهوه‌ساز نسپرسو', 7000000 , 20, 'nespresso-coffee.jpg', 4, 0 , 0, NULL, NULL, '[\"مشکی\",\"قرمز\"]', 'قهوه‌ساز کپسولی حرفه‌ای', 'nespresso-coffee-url', 42),
(60, 'چای‌ساز فیلیپس', 3500000 , 30, 'philips-tea.jpg', 2, 100 , 1, '2025-08-16 21:42:00', 10, '[\"مشکی\",\"نقره‌ای\"]', 'چای‌ساز استیل شیشه‌ای', 'philips-tea-url', 42),
(61, 'جاروبرقی بوش 2500W', 5500000 , 25, 'bosch-vacuum.jpg', 3, 0 , 0, NULL, NULL, '[\"قرمز\",\"مشکی\"]', 'جاروبرقی پرقدرت با فیلتر HEPA', 'bosch-vacuum-url', 42),
(62, 'اتو بخار فیلیپس', 2800000 , 40, 'philips-iron.jpg', 2, 100 , 1, '2025-08-16 21:42:00', 10, '[\"آبی\",\"سفید\"]', 'اتو بخار سریع با قابلیت ضدچکه', 'philips-iron-url', 42);

-- --------------------------------------------------------

--
-- Table structure for table `Users`
--

CREATE TABLE `Users` (
  `id` int UNSIGNED NOT NULL,
  `firstname` varchar(50) COLLATE utf8mb4_persian_ci DEFAULT NULL,
  `lastname` varchar(50) COLLATE utf8mb4_persian_ci DEFAULT NULL,
  `username` varchar(50) COLLATE utf8mb4_persian_ci NOT NULL,
  `password` varchar(255) COLLATE utf8mb4_persian_ci NOT NULL,
  `phone` varchar(15) COLLATE utf8mb4_persian_ci NOT NULL,
  `city` varchar(100) COLLATE utf8mb4_persian_ci DEFAULT NULL,
  `email` varchar(100) COLLATE utf8mb4_persian_ci NOT NULL,
  `address` text COLLATE utf8mb4_persian_ci,
  `score` int UNSIGNED DEFAULT '0',
  `buy` decimal(15,2) DEFAULT '0 ',
  `token` varchar(255) COLLATE utf8mb4_persian_ci DEFAULT NULL,
  `role` enum('user','admin') COLLATE utf8mb4_persian_ci NOT NULL DEFAULT 'user'
) ENGINE=InnoDB DEFAULT CHARSET=utf8mb4 COLLATE=utf8mb4_persian_ci;

--
-- Dumping data for table `Users`
--

INSERT INTO `Users` (`id`, `firstname`, `lastname`, `username`, `password`, `phone`, `city`, `email`, `address`, `score`, `buy`, `token`, `role`) VALUES
(1, 'علی', 'محمدی', 'ali_mohammadi', '$2y$10$samplehash1234567890abcdef', '09123456789', 'تهران', 'ali.mohammadi@example.com', 'تهران، خیابان اصلی، کوچه ۱۲', 50, 1200.50, 'token_ali_123', 'admin'),
(2, 'زهرا', 'احمدی', 'zahra_ahmadi', '$2y$10$samplehash1234567890abcdef', '09129876543', 'شیراز', 'zahra.ahmadi@example.com', 'شیراز، خیابان گل، پلاک ۵', 30, 800.75, 'token_zahra_456', 'admin'),
(3, 'محمد', 'رضایی', 'mohammad_rezaei', '$2y$10$samplehash1234567890abcdef', '09137654321', 'اصفهان', 'mohammad.rezaei@example.com', 'اصفهان، خیابان انقلاب، پلاک ۹', 70, 1500 , 'token_mohammad_789', 'admin'),
(4, 'فاطمه', 'کریمی', 'fateme_karimi', '$2y$10$samplehash1234567890abcdef', '09134567890', 'مشهد', 'fateme.karimi@example.com', 'مشهد، خیابان آزادی، پلاک ۳', 20, 450.30, 'token_fateme_012', 'user'),
(5, 'حسین', 'نعمتی', 'hossein_noamati', '$2y$10$samplehash1234567890abcdef', '09135678901', 'تبریز', 'hossein.noamati@example.com', 'تبریز، خیابان ولیعصر، پلاک ۷', 40, 900 , 'token_hossein_345', 'user'),
(6, 'سارا', 'قاسمی', 'sara_ghasemi', '$2y$10$samplehash1234567890abcdef', '09136789012', 'اهواز', 'sara.ghasemi@example.com', 'اهواز، خیابان نادری، پلاک ۴', 60, 1300.25, 'token_sara_678', 'user'),
(7, 'رضا', 'حسینی', 'reza_hosseini', '$2y$10$samplehash1234567890abcdef', '09137890123', 'قم', 'reza.hosseini@example.com', 'قم، خیابان امام، پلاک ۸', 10, 300 , 'token_reza_901', 'user'),
(8, 'نازنین', 'رضوی', 'nazanin_rezavi', '$2y$10$samplehash1234567890abcdef', '09138901234', 'کرج', 'nazanin.rezavi@example.com', 'کرج، خیابان گلستان، پلاک ۲', 80, 2000 , 'token_nazanin_234', 'user'),
(9, 'امیر', 'خانمحمدی', 'amir_khanmohammadi', '$2y$10$samplehash1234567890abcdef', '09139012345', 'رشت', 'amir.khanmohammadi@example.com', 'رشت، خیابان لاله، پلاک ۶', 25, 600.50, 'token_amir_567', 'user'),
(10, 'لیلا', 'نوری', 'leila_noori', '$2y$10$samplehash1234567890abcdef', '09130123456', 'یزد', 'leila.noori@example.com', 'یزد، خیابان سعدی، پلاک ۱', 15, 350.75, 'token_leila_890', 'user'),
(11, 'سارا', 'احمدی', 'jafar', '$2b$10$E3dRqN07JEtwyt4Vgw.MCeHD3zeojdjsbdzuoYzmtTep/uwVRwutK', '06586765478', 'اصفهان', 'javid@gmail.com', NULL, 0, 0 , 'eyJhbGciOiJIUzI1NiIsInR5cCI6IkpXVCJ9.eyJ1c2VybmFtZSI6ImphZmFyIiwiaWF0IjoxNzU2ODMwNzk4LCJleHAiOjE3NTc0MzU1OTh9.eEcHJkgtrE_wkSBczmaWqMFhGkcQ6wlw-x5qyDtMUJQ', 'user'),
(12, 'الناز', 'شاکردشمن', 'elnaz', '$2b$10$pdAFDbJRK40UWbTPOe.bbOO9xh2KT77dtobWzDryuPWoJy.hI7Tfa', '09174865368', 'اصفهان', 'eli@gmail.com', NULL, 0, 0 , 'eyJhbGciOiJIUzI1NiIsInR5cCI6IkpXVCJ9.eyJpZCI6MTIsInJvbGUiOiJ1c2VyIiwiaWF0IjoxNzU3NjAwMjM0LCJleHAiOjE3NjAxOTIyMzR9.AL9qNhjN5pgUsLb7yY4huVGnfssgNB0JwcK8u-pG3OE', 'user'),
(13, '', '', 'saba', '$2b$10$7ivuWNDqKoVADsJ/imcFNeYKdTaXEt6oH712rwrYr.KOjlvdyR40.', '09174653782', '', 'saba@gmail.com', NULL, 0, 0 , 'eyJhbGciOiJIUzI1NiIsInR5cCI6IkpXVCJ9.eyJpZCI6MTMsInJvbGUiOiJ1c2VyIiwiaWF0IjoxNzU3NzYxMTUxLCJleHAiOjE3NjAzNTMxNTF9.zN021aEuR-6UUPtESBy3uFdgPtBapLDZfKt_vxBXhG0', 'user'),
(14, 'سروش', 'مرادی', 'soroush', '$2b$10$4bsgkWtxMSRPVJRSKZoQEO.kFPtLYEec3suJJLCsW0sBi9HxCMbji', '09174065478', 'شیراز', 'soroush@gmail.com', NULL, 0, 0 , 'eyJhbGciOiJIUzI1NiIsInR5cCI6IkpXVCJ9.eyJpZCI6MTQsInJvbGUiOiJ1c2VyIiwiaWF0IjoxNzU4NDY5MTA4LCJleHAiOjE3NjEwNjExMDh9.J4Wk4StuepokkI6JBUskct0GJneYF17qNFc2AoIbT3E', 'user'),
(15, 'جکی', 'چان', 'jack', '$2b$10$XsQGCxlwcpe9YTXg6qedbuadELovdwNCnx/9HwjPanJ73fHRp6uLa', '09174675675', 'شیراز', 'jackjohn@gmail.com', NULL, 0, 0 , 'eyJhbGciOiJIUzI1NiIsInR5cCI6IkpXVCJ9.eyJpZCI6MTUsInJvbGUiOiJ1c2VyIiwiaWF0IjoxNzU4NjU0NzQ4LCJleHAiOjE3NjEyNDY3NDh9.XG52DtgBn2NNA8R40ioGzSxIO7WoyR8LNJpj8ZDUsn0', 'user'),
(16, 'قدیر', 'یلمه', 'ghadir', '$2b$10$wkOOrJ9yTUKFZNiRNSQLQ.lt39A/XjOeqozGTsxYWQ UgtJzTSa', '09174065478', '', 'yolme@gmail.com', NULL, 0, 0 , 'eyJhbGciOiJIUzI1NiIsInR5cCI6IkpXVCJ9.eyJpZCI6MTYsInJvbGUiOiJ1c2VyIiwiaWF0IjoxNzYxOTM5MzkwLCJleHAiOjE3NjQ1MzEzOTB9.W8XakJQxuPilrJ8Q5jqcTeVXTYe1xKO2CRsN5TKAX58', 'user'),
(17, NULL, NULL, 'salar', '$2b$10$rtchADrJgPKSt.UZjMUa2.6I7xz1rAWjOIEqwjddObZJdIQUbYncS', '09174065747', NULL, 'salar@gmail.com', NULL, 0, 0 , 'eyJhbGciOiJIUzI1NiIsInR5cCI6IkpXVCJ9.eyJ1c2VybmFtZSI6InNhbGFyIiwiaWF0IjoxNzYwMTMxNDYyLCJleHAiOjE3NjI3MjM0NjJ9.7NmmtarGnEaQ0IPrCeNO4GszCtv-5h8FVX0np1Dp1UA', 'user');

-- --------------------------------------------------------

--
-- Table structure for table `User_profiles`
--

CREATE TABLE `User_profiles` (
  `id` int UNSIGNED NOT NULL,
  `user_id` int UNSIGNED NOT NULL,
  `profile_image` varchar(255) COLLATE utf8mb4_persian_ci NOT NULL,
  `created_at` timestamp NOT NULL DEFAULT CURRENT_TIMESTAMP,
  `updated_at` timestamp NOT NULL DEFAULT CURRENT_TIMESTAMP ON UPDATE CURRENT_TIMESTAMP
) ENGINE=InnoDB DEFAULT CHARSET=utf8mb4 COLLATE=utf8mb4_persian_ci;

--
-- Dumping data for table `User_profiles`
--

INSERT INTO `User_profiles` (`id`, `user_id`, `profile_image`, `created_at`, `updated_at`) VALUES
(1, 1, '/uploads/profiles/ali_mohammadi.jpg', '2025-09-02 15:37:27', '2025-09-02 15:37:27'),
(2, 2, '/uploads/profiles/zahra_ahmadi.jpg', '2025-09-02 15:37:27', '2025-09-02 15:37:27'),
(3, 3, '/uploads/profiles/mohammad_rezaei.jpg', '2025-09-02 15:37:27', '2025-09-02 15:37:27'),
(4, 4, '/uploads/profiles/fateme_karimi.jpg', '2025-09-02 15:37:27', '2025-09-02 15:37:27'),
(5, 5, '/uploads/profiles/hossein_noamati.jpg', '2025-09-02 15:37:27', '2025-09-02 15:37:27'),
(6, 6, '/uploads/profiles/sara_ghasemi.jpg', '2025-09-02 15:37:27', '2025-09-02 15:37:27'),
(7, 7, '/uploads/profiles/reza_hosseini.jpg', '2025-09-02 15:37:27', '2025-09-02 15:37:27'),
(8, 8, '/uploads/profiles/nazanin_rezavi.jpg', '2025-09-02 15:37:27', '2025-09-02 15:37:27'),
(9, 9, '/uploads/profiles/amir_khanmohammadi.jpg', '2025-09-02 15:37:27', '2025-09-02 15:37:27'),
(10, 10, '/uploads/profiles/leila_noori.jpg', '2025-09-02 15:37:27', '2025-09-02 15:37:27');

--
-- Indexes for dumped tables
--

--
-- Indexes for table `Addresses`
--
ALTER TABLE `Addresses`
  ADD PRIMARY KEY (`id`),
  ADD KEY `fk_user` (`user_id`);

--
-- Indexes for table `Admins`
--
ALTER TABLE `Admins`
  ADD PRIMARY KEY (`id`),
  ADD UNIQUE KEY `username` (`username`);

--
-- Indexes for table `Bank_cards`
--
ALTER TABLE `Bank_cards`
  ADD PRIMARY KEY (`id`),
  ADD UNIQUE KEY `unique_card` (`card_number`),
  ADD KEY `user_id` (`user_id`);

--
-- Indexes for table `Blogs`
--
ALTER TABLE `Blogs`
  ADD PRIMARY KEY (`id`),
  ADD UNIQUE KEY `slug` (`slug`),
  ADD KEY `slug_idx` (`slug`),
  ADD KEY `status_idx` (`status`),
  ADD KEY `created_at_idx` (`created_at`),
  ADD KEY `category_idx` (`category`);

--
-- Indexes for table `Card_details`
--
ALTER TABLE `Card_details`
  ADD PRIMARY KEY (`id`),
  ADD UNIQUE KEY `unique_card` (`card_number`),
  ADD KEY `user_id` (`user_id`);

--
-- Indexes for table `Categories`
--
ALTER TABLE `Categories`
  ADD PRIMARY KEY (`id`),
  ADD KEY `parent_idx` (`parent_id`);

--
-- Indexes for table `Comments`
--
ALTER TABLE `Comments`
  ADD PRIMARY KEY (`id`),
  ADD KEY `userID` (`userID`),
  ADD KEY `product_idx` (`productID`,`status`,`is_reply`),
  ADD KEY `reply_idx` (`reply_id`),
  ADD KEY `created_at_idx` (`created_at`);

--
-- Indexes for table `Offs`
--
ALTER TABLE `Offs`
  ADD PRIMARY KEY (`id`),
  ADD UNIQUE KEY `code` (`code`),
  ADD KEY `adminID` (`adminID`),
  ADD KEY `date_idx` (`date`);

--
-- Indexes for table `Orders`
--
ALTER TABLE `Orders`
  ADD PRIMARY KEY (`id`),
  ADD KEY `userID` (`userID`),
  ADD KEY `date_idx` (`date`);

--
-- Indexes for table `Order_items`
--
ALTER TABLE `Order_items`
  ADD PRIMARY KEY (`id`),
  ADD KEY `orderID` (`orderID`),
  ADD KEY `productID` (`productID`);

--
-- Indexes for table `Products`
--
ALTER TABLE `Products`
  ADD PRIMARY KEY (`id`),
  ADD KEY `category_idx` (`categoryID`),
  ADD KEY `title_idx` (`title`),
  ADD KEY `price_idx` (`price`),
  ADD KEY `hasDiscount_idx` (`hasDiscount`);

--
-- Indexes for table `Users`
--
ALTER TABLE `Users`
  ADD PRIMARY KEY (`id`),
  ADD UNIQUE KEY `username` (`username`),
  ADD UNIQUE KEY `email` (`email`),
  ADD KEY `phone` (`phone`);

--
-- Indexes for table `User_profiles`
--
ALTER TABLE `User_profiles`
  ADD PRIMARY KEY (`id`),
  ADD UNIQUE KEY `user_id` (`user_id`);

--
-- AUTO_INCREMENT for dumped tables
--

--
-- AUTO_INCREMENT for table `Addresses`
--
ALTER TABLE `Addresses`
  MODIFY `id` int UNSIGNED NOT NULL AUTO_INCREMENT, AUTO_INCREMENT=46;

--
-- AUTO_INCREMENT for table `Admins`
--
ALTER TABLE `Admins`
  MODIFY `id` int UNSIGNED NOT NULL AUTO_INCREMENT, AUTO_INCREMENT=6;

--
-- AUTO_INCREMENT for table `Bank_cards`
--
ALTER TABLE `Bank_cards`
  MODIFY `id` int UNSIGNED NOT NULL AUTO_INCREMENT;

--
-- AUTO_INCREMENT for table `Blogs`
--
ALTER TABLE `Blogs`
  MODIFY `id` int UNSIGNED NOT NULL AUTO_INCREMENT, AUTO_INCREMENT=19;

--
-- AUTO_INCREMENT for table `Card_details`
--
ALTER TABLE `Card_details`
  MODIFY `id` int UNSIGNED NOT NULL AUTO_INCREMENT, AUTO_INCREMENT=70;

--
-- AUTO_INCREMENT for table `Categories`
--
ALTER TABLE `Categories`
  MODIFY `id` int UNSIGNED NOT NULL AUTO_INCREMENT, AUTO_INCREMENT=61;

--
-- AUTO_INCREMENT for table `Comments`
--
ALTER TABLE `Comments`
  MODIFY `id` int NOT NULL AUTO_INCREMENT, AUTO_INCREMENT=45;

--
-- AUTO_INCREMENT for table `Offs`
--
ALTER TABLE `Offs`
  MODIFY `id` int UNSIGNED NOT NULL AUTO_INCREMENT, AUTO_INCREMENT=61;

--
-- AUTO_INCREMENT for table `Orders`
--
ALTER TABLE `Orders`
  MODIFY `id` int NOT NULL AUTO_INCREMENT, AUTO_INCREMENT=24;
COMMIT;

/*!40101 SET CHARACTER_SET_CLIENT=@OLD_CHARACTER_SET_CLIENT */;
/*!40101 SET CHARACTER_SET_RESULTS=@OLD_CHARACTER_SET_RESULTS */;
/*!40101 SET COLLATION_CONNECTION=@OLD_COLLATION_CONNECTION */;
